-- Madira Database Backup
-- Generated: 2025-11-25 16:51:44
-- Database: SQLite
-- File: /Users/macbookair/Desktop/Madira/backend/madira/db.sqlite3
-- Size: 4.64 MB

PRAGMA foreign_keys=OFF;
BEGIN TRANSACTION;
CREATE TABLE IF NOT EXISTS "django_migrations" ("id" integer NOT NULL PRIMARY KEY AUTOINCREMENT, "app" varchar(255) NOT NULL, "name" varchar(255) NOT NULL, "applied" datetime NOT NULL);
INSERT INTO django_migrations VALUES(1,'contenttypes','0001_initial','2025-10-25 13:46:54.009449');
INSERT INTO django_migrations VALUES(2,'contenttypes','0002_remove_content_type_name','2025-10-25 13:46:54.012859');
INSERT INTO django_migrations VALUES(3,'auth','0001_initial','2025-10-25 13:46:54.019865');
INSERT INTO django_migrations VALUES(4,'auth','0002_alter_permission_name_max_length','2025-10-25 13:46:54.023506');
INSERT INTO django_migrations VALUES(5,'auth','0003_alter_user_email_max_length','2025-10-25 13:46:54.025483');
INSERT INTO django_migrations VALUES(6,'auth','0004_alter_user_username_opts','2025-10-25 13:46:54.028332');
INSERT INTO django_migrations VALUES(7,'auth','0005_alter_user_last_login_null','2025-10-25 13:46:54.030353');
INSERT INTO django_migrations VALUES(8,'auth','0006_require_contenttypes_0002','2025-10-25 13:46:54.030941');
INSERT INTO django_migrations VALUES(9,'auth','0007_alter_validators_add_error_messages','2025-10-25 13:46:54.032987');
INSERT INTO django_migrations VALUES(10,'auth','0008_alter_user_username_max_length','2025-10-25 13:46:54.035563');
INSERT INTO django_migrations VALUES(11,'auth','0009_alter_user_last_name_max_length','2025-10-25 13:46:54.038169');
INSERT INTO django_migrations VALUES(12,'auth','0010_alter_group_name_max_length','2025-10-25 13:46:54.040940');
INSERT INTO django_migrations VALUES(13,'auth','0011_update_proxy_permissions','2025-10-25 13:46:54.042962');
INSERT INTO django_migrations VALUES(14,'auth','0012_alter_user_first_name_max_length','2025-10-25 13:46:54.045185');
INSERT INTO django_migrations VALUES(15,'api','0001_initial','2025-10-25 13:46:54.049179');
INSERT INTO django_migrations VALUES(16,'admin','0001_initial','2025-10-25 13:46:54.053771');
INSERT INTO django_migrations VALUES(17,'admin','0002_logentry_remove_auto_add','2025-10-25 13:46:54.058674');
INSERT INTO django_migrations VALUES(18,'admin','0003_logentry_add_action_flag_choices','2025-10-25 13:46:54.062321');
INSERT INTO django_migrations VALUES(19,'api','0002_blacklistedtoken','2025-10-25 13:46:54.066273');
INSERT INTO django_migrations VALUES(20,'api','0003_blacklistedtoken_ip_address_and_more','2025-10-25 13:46:54.080830');
INSERT INTO django_migrations VALUES(21,'api','0004_client','2025-10-25 13:46:54.082758');
INSERT INTO django_migrations VALUES(22,'api','0005_client_is_active','2025-10-25 13:46:54.085540');
INSERT INTO django_migrations VALUES(23,'api','0006_supplier','2025-10-25 13:46:54.087763');
INSERT INTO django_migrations VALUES(24,'api','0007_order_input_order_orders_client__2e756d_idx_and_more','2025-10-25 13:46:54.134507');
INSERT INTO django_migrations VALUES(25,'api','0008_orderoutput','2025-10-25 13:46:54.139849');
INSERT INTO django_migrations VALUES(26,'api','0009_product_and_more','2025-10-25 13:46:54.165566');
INSERT INTO django_migrations VALUES(27,'api','0010_auto_20251016_0902','2025-10-25 13:46:54.166419');
INSERT INTO django_migrations VALUES(28,'api','0011_product_price','2025-10-25 13:46:54.169796');
INSERT INTO django_migrations VALUES(29,'api','0012_rename_ammount_orderoutput_amount_and_more','2025-10-25 13:46:54.195855');
INSERT INTO django_migrations VALUES(30,'api','0013_alter_orderoutput_type','2025-10-25 13:46:54.200161');
INSERT INTO django_migrations VALUES(31,'api','0014_stockmovement','2025-10-25 13:46:54.208538');
INSERT INTO django_migrations VALUES(32,'api','0015_remove_output_output_type_requirements_and_more','2025-10-25 13:46:54.243361');
INSERT INTO django_migrations VALUES(33,'api','0016_orderoutput_created_by_output_and_more','2025-10-25 13:46:54.263695');
INSERT INTO django_migrations VALUES(34,'api','0017_remove_product_price_stockmovement_price','2025-10-25 13:46:54.275845');
INSERT INTO django_migrations VALUES(35,'api','0018_stockmovement_description','2025-10-25 13:46:54.284411');
INSERT INTO django_migrations VALUES(36,'api','0019_remove_stockmovement_description','2025-10-25 13:46:54.292159');
INSERT INTO django_migrations VALUES(37,'api','0020_stockmovement_related_order_output','2025-10-25 13:46:54.300106');
INSERT INTO django_migrations VALUES(38,'api','0021_remove_stockmovement_created_by_output_and_more','2025-10-25 13:46:54.316103');
INSERT INTO django_migrations VALUES(39,'api','0022_remove_stockmovement_related_order_output_and_more','2025-10-25 13:46:54.332504');
INSERT INTO django_migrations VALUES(40,'sessions','0001_initial','2025-10-25 13:46:54.334399');
INSERT INTO django_migrations VALUES(41,'api','0023_remove_order_paid_amount_not_exceed_total_and_more','2025-10-27 20:51:44.777922');
CREATE TABLE IF NOT EXISTS "django_content_type" ("id" integer NOT NULL PRIMARY KEY AUTOINCREMENT, "app_label" varchar(100) NOT NULL, "model" varchar(100) NOT NULL);
INSERT INTO django_content_type VALUES(1,'admin','logentry');
INSERT INTO django_content_type VALUES(2,'auth','permission');
INSERT INTO django_content_type VALUES(3,'auth','group');
INSERT INTO django_content_type VALUES(4,'contenttypes','contenttype');
INSERT INTO django_content_type VALUES(5,'sessions','session');
INSERT INTO django_content_type VALUES(6,'api','user');
INSERT INTO django_content_type VALUES(7,'api','blacklistedtoken');
INSERT INTO django_content_type VALUES(8,'api','client');
INSERT INTO django_content_type VALUES(9,'api','supplier');
INSERT INTO django_content_type VALUES(10,'api','order');
INSERT INTO django_content_type VALUES(11,'api','input');
INSERT INTO django_content_type VALUES(12,'api','product');
INSERT INTO django_content_type VALUES(13,'api','orderoutput');
INSERT INTO django_content_type VALUES(14,'api','output');
INSERT INTO django_content_type VALUES(15,'api','stockmovement');
CREATE TABLE IF NOT EXISTS "auth_group_permissions" ("id" integer NOT NULL PRIMARY KEY AUTOINCREMENT, "group_id" integer NOT NULL REFERENCES "auth_group" ("id") DEFERRABLE INITIALLY DEFERRED, "permission_id" integer NOT NULL REFERENCES "auth_permission" ("id") DEFERRABLE INITIALLY DEFERRED);
CREATE TABLE IF NOT EXISTS "auth_permission" ("id" integer NOT NULL PRIMARY KEY AUTOINCREMENT, "content_type_id" integer NOT NULL REFERENCES "django_content_type" ("id") DEFERRABLE INITIALLY DEFERRED, "codename" varchar(100) NOT NULL, "name" varchar(255) NOT NULL);
INSERT INTO auth_permission VALUES(1,1,'add_logentry','Can add log entry');
INSERT INTO auth_permission VALUES(2,1,'change_logentry','Can change log entry');
INSERT INTO auth_permission VALUES(3,1,'delete_logentry','Can delete log entry');
INSERT INTO auth_permission VALUES(4,1,'view_logentry','Can view log entry');
INSERT INTO auth_permission VALUES(5,2,'add_permission','Can add permission');
INSERT INTO auth_permission VALUES(6,2,'change_permission','Can change permission');
INSERT INTO auth_permission VALUES(7,2,'delete_permission','Can delete permission');
INSERT INTO auth_permission VALUES(8,2,'view_permission','Can view permission');
INSERT INTO auth_permission VALUES(9,3,'add_group','Can add group');
INSERT INTO auth_permission VALUES(10,3,'change_group','Can change group');
INSERT INTO auth_permission VALUES(11,3,'delete_group','Can delete group');
INSERT INTO auth_permission VALUES(12,3,'view_group','Can view group');
INSERT INTO auth_permission VALUES(13,4,'add_contenttype','Can add content type');
INSERT INTO auth_permission VALUES(14,4,'change_contenttype','Can change content type');
INSERT INTO auth_permission VALUES(15,4,'delete_contenttype','Can delete content type');
INSERT INTO auth_permission VALUES(16,4,'view_contenttype','Can view content type');
INSERT INTO auth_permission VALUES(17,5,'add_session','Can add session');
INSERT INTO auth_permission VALUES(18,5,'change_session','Can change session');
INSERT INTO auth_permission VALUES(19,5,'delete_session','Can delete session');
INSERT INTO auth_permission VALUES(20,5,'view_session','Can view session');
INSERT INTO auth_permission VALUES(21,6,'add_user','Can add user');
INSERT INTO auth_permission VALUES(22,6,'change_user','Can change user');
INSERT INTO auth_permission VALUES(23,6,'delete_user','Can delete user');
INSERT INTO auth_permission VALUES(24,6,'view_user','Can view user');
INSERT INTO auth_permission VALUES(25,7,'add_blacklistedtoken','Can add blacklisted token');
INSERT INTO auth_permission VALUES(26,7,'change_blacklistedtoken','Can change blacklisted token');
INSERT INTO auth_permission VALUES(27,7,'delete_blacklistedtoken','Can delete blacklisted token');
INSERT INTO auth_permission VALUES(28,7,'view_blacklistedtoken','Can view blacklisted token');
INSERT INTO auth_permission VALUES(29,8,'add_client','Can add client');
INSERT INTO auth_permission VALUES(30,8,'change_client','Can change client');
INSERT INTO auth_permission VALUES(31,8,'delete_client','Can delete client');
INSERT INTO auth_permission VALUES(32,8,'view_client','Can view client');
INSERT INTO auth_permission VALUES(33,9,'add_supplier','Can add supplier');
INSERT INTO auth_permission VALUES(34,9,'change_supplier','Can change supplier');
INSERT INTO auth_permission VALUES(35,9,'delete_supplier','Can delete supplier');
INSERT INTO auth_permission VALUES(36,9,'view_supplier','Can view supplier');
INSERT INTO auth_permission VALUES(37,10,'add_order','Can add order');
INSERT INTO auth_permission VALUES(38,10,'change_order','Can change order');
INSERT INTO auth_permission VALUES(39,10,'delete_order','Can delete order');
INSERT INTO auth_permission VALUES(40,10,'view_order','Can view order');
INSERT INTO auth_permission VALUES(41,11,'add_input','Can add input');
INSERT INTO auth_permission VALUES(42,11,'change_input','Can change input');
INSERT INTO auth_permission VALUES(43,11,'delete_input','Can delete input');
INSERT INTO auth_permission VALUES(44,11,'view_input','Can view input');
INSERT INTO auth_permission VALUES(45,12,'add_product','Can add product');
INSERT INTO auth_permission VALUES(46,12,'change_product','Can change product');
INSERT INTO auth_permission VALUES(47,12,'delete_product','Can delete product');
INSERT INTO auth_permission VALUES(48,12,'view_product','Can view product');
INSERT INTO auth_permission VALUES(49,13,'add_orderoutput','Can add order output');
INSERT INTO auth_permission VALUES(50,13,'change_orderoutput','Can change order output');
INSERT INTO auth_permission VALUES(51,13,'delete_orderoutput','Can delete order output');
INSERT INTO auth_permission VALUES(52,13,'view_orderoutput','Can view order output');
INSERT INTO auth_permission VALUES(53,14,'add_output','Can add output');
INSERT INTO auth_permission VALUES(54,14,'change_output','Can change output');
INSERT INTO auth_permission VALUES(55,14,'delete_output','Can delete output');
INSERT INTO auth_permission VALUES(56,14,'view_output','Can view output');
INSERT INTO auth_permission VALUES(57,15,'add_stockmovement','Can add stock movement');
INSERT INTO auth_permission VALUES(58,15,'change_stockmovement','Can change stock movement');
INSERT INTO auth_permission VALUES(59,15,'delete_stockmovement','Can delete stock movement');
INSERT INTO auth_permission VALUES(60,15,'view_stockmovement','Can view stock movement');
CREATE TABLE IF NOT EXISTS "auth_group" ("id" integer NOT NULL PRIMARY KEY AUTOINCREMENT, "name" varchar(150) NOT NULL UNIQUE);
CREATE TABLE IF NOT EXISTS "users" ("id" integer NOT NULL PRIMARY KEY AUTOINCREMENT, "password" varchar(128) NOT NULL, "last_login" datetime NULL, "is_superuser" bool NOT NULL, "username" varchar(50) NOT NULL UNIQUE, "full_name" varchar(100) NOT NULL, "role" varchar(20) NOT NULL, "is_active" bool NOT NULL, "is_staff" bool NOT NULL, "created_at" datetime NOT NULL, "updated_at" datetime NOT NULL);
INSERT INTO users VALUES(1,'pbkdf2_sha256$1000000$FtHuR2IGXF75KqnDFN9mjV$qyDA6bmJqLZeUuIsEFWdhJ++aF9O70LRT7IVqb5GPT0=','2025-11-25 14:17:00.969534',1,'xtradev','','admin',1,1,'2025-10-26 13:20:19.676458','2025-10-26 13:20:19.676711');
INSERT INTO users VALUES(36,'pbkdf2_sha256$600000$shhWdm3JJhZcnc9ZcNtdyl$IGIsJoNKi+hsvXdpK4YyqAWz+zM9AABWD8iJ832rjWk=',NULL,0,'user_shrbtlysrm_0','Martine Laroche','responsible',1,0,'2025-11-16 20:03:20.275655','2025-11-16 20:03:20.275831');
INSERT INTO users VALUES(37,'pbkdf2_sha256$600000$ELMDO8aHYMaCkgW7oJSnWC$ibvZB3Chf/nM+jn3J4dx9Lhu7HjhLr91YeS6Tvulzl8=',NULL,0,'user_al-tftyw_1','Audrey Pineau','admin',1,0,'2025-11-16 20:03:20.473491','2025-11-16 20:03:20.473508');
INSERT INTO users VALUES(38,'pbkdf2_sha256$600000$sl3HPshP66X1uJpaTECMkW$lwdscL9H0YAY+7sZJObqMtSLj7hi958taxMbQDtLw7g=',NULL,0,'user_aurorenguyen_2','Alexandrie Benard','responsible',1,0,'2025-11-16 20:03:20.665747','2025-11-16 20:03:20.665764');
INSERT INTO users VALUES(39,'pbkdf2_sha256$600000$BOeHUGjAOj3ZGG5Tc9YgCv$YRdgkdorqVqbapnDhM22ix9KuDafQBy0zTIwxd++WS0=',NULL,0,'user_lebrunnoemi_3','ابتهال آل بن ظافر','admin',1,0,'2025-11-16 20:03:20.855586','2025-11-16 20:03:20.855605');
INSERT INTO users VALUES(40,'pbkdf2_sha256$600000$sSvT4nWndZBpEyx8NHjKoN$RYLH2Kw1sg5JDwajyJ2bNlJm/wUecNbqzEvFxGiofxw=',NULL,0,'user_shwn68_4','Caroline Diallo','responsible',1,0,'2025-11-16 20:03:21.048262','2025-11-16 20:03:21.048280');
INSERT INTO users VALUES(41,'pbkdf2_sha256$600000$u2H81B9fBzDkvURivLHAz0$cUuHT3lkmPvlW8bmzCtFRXaixNATgHBk3AKYKucMVFM=',NULL,0,'user_syl85_0','أحلام الراشد','responsible',1,0,'2025-11-16 20:03:28.373784','2025-11-16 20:03:28.373953');
INSERT INTO users VALUES(42,'pbkdf2_sha256$600000$8kEnV4N74oTDEJTfQsTbGm$CaW8pj0KTwcxKRlZbqS5VldSw7FEdNeKFwBuFoy4Dfc=',NULL,0,'user_hjral-bn-lfy_1','السيدة أحلام آل عواض','responsible',1,0,'2025-11-16 20:03:28.569384','2025-11-16 20:03:28.569401');
INSERT INTO users VALUES(43,'pbkdf2_sha256$600000$XFRCAlFsWTbCo9aN4XaAPR$bzL0xi89rX4suSTV4VcJHFUqst8N5kz54gZ3qSGHUKM=',NULL,0,'user_sfynshrbtly_2','Clémence Denis','admin',1,0,'2025-11-16 20:03:28.763051','2025-11-16 20:03:28.763068');
INSERT INTO users VALUES(44,'pbkdf2_sha256$600000$HYgudpq25CqJsCbJWwU1A6$NCuL2F7Nju3lIV3ULzSWnbTwhiewe6u7Kk6ox2NRET0=',NULL,0,'user_gabrielleperrot_3','بثينة الشايع','admin',1,0,'2025-11-16 20:03:28.956893','2025-11-16 20:03:28.956912');
INSERT INTO users VALUES(45,'pbkdf2_sha256$600000$a3HMp74ai87WGUFEcBUP2b$UPgpxdzKx/F6yciNXZXF/oyNbl5+vKJG4lC+h3x9u3A=',NULL,0,'user_rlmgwl_4','Michelle Tessier','responsible',1,0,'2025-11-16 20:03:29.149973','2025-11-16 20:03:29.149989');
INSERT INTO users VALUES(46,'pbkdf2_sha256$600000$jiCYUxWyR9z5Wrt4hb3mAD$d5JIdFDw8WkVvIawZhsuyqKMYX/JoSybLBPGYAcQAK8=',NULL,0,'user_gabriellemunoz_0','منسي مهنا','admin',1,0,'2025-11-16 20:06:58.701754','2025-11-16 20:06:58.701938');
INSERT INTO users VALUES(47,'pbkdf2_sha256$600000$lp4vEZFHrIkhgT7pvoZmy5$I3EPXrBjjYj5wuKe4AKa7so6jJWBJW5KrogXcxxArN4=',NULL,0,'user_mrn83_1','Bernard Bertin','admin',1,0,'2025-11-16 20:06:58.905156','2025-11-16 20:06:58.905172');
INSERT INTO users VALUES(48,'pbkdf2_sha256$600000$IDiJy5D4SilMQcLMBEQ4qw$MMDkwQ8evnep++0rkg8/jpljWzTRkdyj3sW2dP+K6vI=',NULL,0,'user_elmgwl_2','Véronique Martel','responsible',1,0,'2025-11-16 20:06:59.101458','2025-11-16 20:06:59.101476');
INSERT INTO users VALUES(49,'pbkdf2_sha256$600000$4xl0Nv1tPLQExrv3U5tgfr$5ZWWu8r3brhYb0R9S7PsivcIW4GuTpxg3oyOfTRfhGo=',NULL,0,'user_lmhydbslymn_3','Charles Maillet de la Bruneau','admin',1,0,'2025-11-16 20:06:59.298287','2025-11-16 20:06:59.298305');
INSERT INTO users VALUES(50,'pbkdf2_sha256$600000$MPXuj1SQc4UxveYVces6EP$mQRao9tQfr2Wr6mgr+mluu/IY9RFHbb6yg7wIHmyOSc=',NULL,0,'user_elise25_4','Constance Lebrun','admin',0,0,'2025-11-16 20:06:59.493300','2025-11-24 22:42:51.590771');
CREATE TABLE IF NOT EXISTS "users_groups" ("id" integer NOT NULL PRIMARY KEY AUTOINCREMENT, "user_id" bigint NOT NULL REFERENCES "users" ("id") DEFERRABLE INITIALLY DEFERRED, "group_id" integer NOT NULL REFERENCES "auth_group" ("id") DEFERRABLE INITIALLY DEFERRED);
CREATE TABLE IF NOT EXISTS "users_user_permissions" ("id" integer NOT NULL PRIMARY KEY AUTOINCREMENT, "user_id" bigint NOT NULL REFERENCES "users" ("id") DEFERRABLE INITIALLY DEFERRED, "permission_id" integer NOT NULL REFERENCES "auth_permission" ("id") DEFERRABLE INITIALLY DEFERRED);
CREATE TABLE IF NOT EXISTS "django_admin_log" ("id" integer NOT NULL PRIMARY KEY AUTOINCREMENT, "object_id" text NULL, "object_repr" varchar(200) NOT NULL, "action_flag" smallint unsigned NOT NULL CHECK ("action_flag" >= 0), "change_message" text NOT NULL, "content_type_id" integer NULL REFERENCES "django_content_type" ("id") DEFERRABLE INITIALLY DEFERRED, "user_id" bigint NOT NULL REFERENCES "users" ("id") DEFERRABLE INITIALLY DEFERRED, "action_time" datetime NOT NULL);
INSERT INTO django_admin_log VALUES(1,'1','Slimane H.',2,'[{"changed": {"fields": ["Is active"]}}]',8,1,'2025-10-26 13:50:01.485029');
INSERT INTO django_admin_log VALUES(2,'1','Slimane H.',2,'[{"changed": {"fields": ["Is active"]}}]',8,1,'2025-10-26 13:50:17.685901');
INSERT INTO django_admin_log VALUES(3,'5','SH-PAY-2510-0005 - 1000.00 DA',3,'',11,1,'2025-10-27 21:02:34.870079');
INSERT INTO django_admin_log VALUES(4,'4','SH-PAY-2510-0004 - 1000.00 DA',3,'',11,1,'2025-10-27 21:02:34.871922');
INSERT INTO django_admin_log VALUES(5,'3','SH-PAY-2510-0003 - 1000.00 DA',3,'',11,1,'2025-10-27 21:02:34.873060');
INSERT INTO django_admin_log VALUES(6,'2','SH-PAY-2510-0002 - 1000.00 DA',3,'',11,1,'2025-10-27 21:02:34.874193');
INSERT INTO django_admin_log VALUES(7,'1','SH-PAY-2510-0001 - 2000.00 DA',3,'',11,1,'2025-10-27 21:02:34.875114');
INSERT INTO django_admin_log VALUES(8,'8','Order SH-ORD-2510-0008 - Slimane Houache',3,'',10,1,'2025-10-27 21:02:47.327009');
INSERT INTO django_admin_log VALUES(9,'7','Order SH-ORD-2510-0007 - Slimane Houache',3,'',10,1,'2025-10-27 21:02:47.328843');
INSERT INTO django_admin_log VALUES(10,'6','Order SH-ORD-2510-0006 - Slimane Houache',3,'',10,1,'2025-10-27 21:02:47.329934');
INSERT INTO django_admin_log VALUES(11,'5','Order SH-ORD-2510-0005 - Slimane Houache',3,'',10,1,'2025-10-27 21:02:47.331555');
INSERT INTO django_admin_log VALUES(12,'4','Order SH-ORD-2510-0004 - Slimane Houache',3,'',10,1,'2025-10-27 21:02:47.332781');
INSERT INTO django_admin_log VALUES(13,'3','Order SH-ORD-2510-0003 - Slimane Houache',3,'',10,1,'2025-10-27 21:02:47.333946');
INSERT INTO django_admin_log VALUES(14,'2','Order SH-ORD-2510-0002 - Slimane Houache',3,'',10,1,'2025-10-27 21:02:47.334974');
INSERT INTO django_admin_log VALUES(15,'1','Order SH-ORD-2510-0001 - Slimane Houache',3,'',10,1,'2025-10-27 21:02:47.335884');
INSERT INTO django_admin_log VALUES(16,'1','OrderOutput #1 - 1000 DA (Other Expense) for Order SH-ORD-2510-0001',1,'[{"added": {}}]',13,1,'2025-10-27 21:30:33.783066');
INSERT INTO django_admin_log VALUES(17,'1','OrderOutput #1 - 1000.00 DA (Other Expense) for Order SH-ORD-2510-0001',3,'',13,1,'2025-10-27 21:30:50.777962');
INSERT INTO django_admin_log VALUES(18,'19','SH-PAY-2510-0010 - 10000.00 DA',2,'[{"changed": {"fields": ["Amount"]}}]',11,1,'2025-10-27 21:34:26.586312');
INSERT INTO django_admin_log VALUES(19,'19','SH-PAY-2510-0010 - 100000.00 DA',2,'[{"changed": {"fields": ["Amount"]}}]',11,1,'2025-10-27 21:34:59.533710');
INSERT INTO django_admin_log VALUES(20,'19','SH-PAY-2510-0010 - 100000.00 DA',3,'',11,1,'2025-10-27 21:35:29.770484');
INSERT INTO django_admin_log VALUES(21,'1','PVC edge h band for kitchen panels (70.00 Meter)',2,'[{"changed": {"fields": ["Current quantity"]}}]',12,1,'2025-10-27 21:48:11.610531');
INSERT INTO django_admin_log VALUES(22,'3','Slimane Houache',2,'[{"changed": {"fields": ["Credit balance"]}}]',8,1,'2025-10-27 23:00:06.060485');
INSERT INTO django_admin_log VALUES(23,'3','Slimane Houache',2,'[{"changed": {"fields": ["Credit balance"]}}]',8,1,'2025-10-27 23:00:27.757631');
INSERT INTO django_admin_log VALUES(24,'3','Slimane Houache',2,'[{"changed": {"fields": ["Address"]}}]',8,1,'2025-10-31 00:10:19.646902');
INSERT INTO django_admin_log VALUES(25,'3','Slimane Houache',2,'[{"changed": {"fields": ["Is active"]}}]',8,1,'2025-10-31 00:11:30.299550');
CREATE TABLE IF NOT EXISTS "blacklisted_tokens" ("id" integer NOT NULL PRIMARY KEY AUTOINCREMENT, "token" varchar(500) NOT NULL UNIQUE, "blacklisted_at" datetime NOT NULL, "user_id" bigint NOT NULL REFERENCES "users" ("id") DEFERRABLE INITIALLY DEFERRED, "ip_address" char(39) NULL, "user_agent" varchar(255) NOT NULL);
INSERT INTO blacklisted_tokens VALUES(25,'eyJhbGciOiJIUzI1NiIsInR5cCI6IkpXVCJ9.eyJ0b2tlbl90eXBlIjoiYWNjZXNzIiwiZXhwIjoxNzY2NjE2NDQ2LCJpYXQiOjE3NjQwMjQ0NDYsImp0aSI6IjkwZGVhNzdkN2RiZjQ2ZmY5ZDA0MTQ4MTM0NjZjM2NjIiwidXNlcl9pZCI6IjEiLCJ1c2VybmFtZSI6Inh0cmFkZXYiLCJyb2xlIjoiYWRtaW4ifQ.FXWOxwh1E5vJKT2m_U1kupYyjmbKAKXaA5k-aaUzAmQ','2025-11-25 16:08:22.685625',1,'127.0.0.1','Dart/3.7 (dart:io)');
CREATE TABLE IF NOT EXISTS "clients" ("id" integer NOT NULL PRIMARY KEY AUTOINCREMENT, "name" varchar(100) NOT NULL, "phone" varchar(20) NOT NULL, "address" text NOT NULL, "credit_balance" decimal NOT NULL, "client_type" varchar(10) NOT NULL, "notes" text NOT NULL, "created_at" datetime NOT NULL, "updated_at" datetime NOT NULL, "is_active" bool NOT NULL);
INSERT INTO clients VALUES(132,'Gaudin SARL','0749337349','56, boulevard Aubry, Annaba',47795,'old','','2025-11-16 20:03:21.049681','2025-11-16 20:03:21.049692',1);
INSERT INTO clients VALUES(133,'Charles Boutin du Lagarde','0739060817','3808 وليف Park Apt. 185, Constantine',44864,'new','Comment fête cela genou violence école bande.','2025-11-16 20:03:21.051027','2025-11-16 20:03:21.051037',1);
INSERT INTO clients VALUES(134,'آل محمد بن علي بن جماز, العقيل and آل بن لافي','0711088095','073 مهنا Court Apt. 848, Alger',27133,'new','Quisquam accusamus tempore nulla.','2025-11-16 20:03:21.051760','2025-11-16 20:03:21.051768',1);
INSERT INTO clients VALUES(135,'Maurice Mahe','0672354668','659, rue Frédéric Renaud, Blida',49291,'new','Suscipit cum modi voluptatibus.','2025-11-16 20:03:21.052361','2025-11-16 20:03:21.052370',1);
INSERT INTO clients VALUES(136,'Michelle Hebert','0767694840','57, chemin Martin Le Gall, Constantine',36790,'new','','2025-11-16 20:03:21.052940','2025-11-16 20:03:21.052948',1);
INSERT INTO clients VALUES(137,'Robert Mathieu SARL','0715035587','2, rue Jean, Alger',13304,'old','Vraiment chiffre salut atteindre rose monsieur fort.','2025-11-16 20:03:21.053485','2025-11-16 20:03:21.053492',1);
INSERT INTO clients VALUES(138,'Étienne Didier','0560469566','0021 وثّاب Bypass Apt. 128, Oran',36600,'old','','2025-11-16 20:03:21.053974','2025-11-16 20:03:21.053981',1);
INSERT INTO clients VALUES(139,'Christiane Durand','0669220139','678 بتلاء Streets, Annaba',1425,'old','Rester échapper prendre enlever haut réunir commander oser.','2025-11-16 20:03:21.054475','2025-11-16 20:03:21.054482',1);
INSERT INTO clients VALUES(140,'Louise Rousset','0770180521','3, boulevard de Bourgeois, Constantine',43216,'new','','2025-11-16 20:03:21.054966','2025-11-16 20:03:21.054973',1);
INSERT INTO clients VALUES(141,'بشرى الجابر','0752233895','97, chemin Blanchard, Annaba',19824,'new','Iste amet dolores asperiores.','2025-11-16 20:03:21.055584','2025-11-16 20:03:21.055594',1);
INSERT INTO clients VALUES(142,'Valérie Benard-Delaunay','0645854697','38204 نيازي Cove, Oran',42585,'new','Tempête prononcer suffire malade saluer.','2025-11-16 20:03:21.056284','2025-11-16 20:03:21.056294',1);
INSERT INTO clients VALUES(143,'Descamps S.A.R.L.','0745645076','46500 عالية Circles, Constantine',32709,'new','Consectetur quos dolores sapiente.','2025-11-16 20:03:21.056989','2025-11-16 20:03:21.056998',1);
INSERT INTO clients VALUES(144,'Morin Da Costa S.A.S.','0565632613','402 آل قصير Overpass Suite 506, Blida',36500,'new','','2025-11-16 20:03:21.057617','2025-11-16 20:03:21.057627',1);
INSERT INTO clients VALUES(145,'Léon Lévy','0565004926','661 شربتلي Fort Apt. 850, Constantine',14193,'old','Parfaitement prendre plutôt fermer fortune durant.','2025-11-16 20:03:21.058881','2025-11-16 20:03:21.058894',1);
INSERT INTO clients VALUES(146,'كانو-الجفالي','0694252355','082 عبد الإله Light Apt. 759, Oran',41774,'old','','2025-11-16 20:03:21.059580','2025-11-16 20:03:21.059591',1);
INSERT INTO clients VALUES(147,'Boulay Blondel et Fils','0526567623','55, boulevard Couturier, Oran',28058,'new','Plaine gouvernement manier paysage agent bataille.','2025-11-16 20:03:21.060253','2025-11-16 20:03:21.060262',1);
INSERT INTO clients VALUES(148,'Guy Julien','0622282600','6478 عارف Plain Suite 796, Blida',40227,'new','Dolor doloribus aliquid ut totam accusamus voluptatibus veniam.','2025-11-16 20:03:21.061286','2025-11-16 20:03:21.061301',1);
INSERT INTO clients VALUES(149,'حقّي حجار','0748565254','14, rue Nath Leroy, Oran',43608,'old','','2025-11-16 20:03:21.062008','2025-11-16 20:03:21.062019',1);
INSERT INTO clients VALUES(150,'سلسبيل العجلان','0676552071','65221 أناهيد Walk, Annaba',8286,'new','','2025-11-16 20:03:21.062596','2025-11-16 20:03:21.062607',1);
INSERT INTO clients VALUES(151,'ضحى فصيل','0540852915','78875 بن لادن River, Alger',13606,'new','','2025-11-16 20:03:21.063122','2025-11-16 20:03:21.063130',1);
INSERT INTO clients VALUES(152,'Grenier','0688335666','073 عبد الحيّ Canyon Apt. 442, Alger',13824,'old','','2025-11-16 20:03:21.063617','2025-11-16 20:03:21.063625',1);
INSERT INTO clients VALUES(153,'ابتسام آل الشيخ','0729824714','019 رازي Cape Suite 842, Oran',23570,'old','','2025-11-16 20:03:21.064102','2025-11-16 20:03:21.064108',1);
INSERT INTO clients VALUES(154,'العجلان, الجفالي and آل عطفة','0644716722','354 سليم Shores Suite 540, Annaba',47714,'new','Religion entourer train route passage.','2025-11-16 20:03:21.064605','2025-11-16 20:03:21.064612',1);
INSERT INTO clients VALUES(155,'Olivie Le Hardy','0718341757','992 العقيل Creek Suite 148, Constantine',23107,'old','Monsieur bande roman inventer plaisir tendre.','2025-11-16 20:03:21.065132','2025-11-16 20:03:21.065140',1);
INSERT INTO clients VALUES(156,'الآنسة ميرا آل محمد بن علي بن جماز','0743588100','3232 شربتلي Expressway Apt. 384, Oran',439,'new','Tâche erreur attention combien secours.','2025-11-16 20:03:21.065640','2025-11-16 20:03:21.065646',1);
INSERT INTO clients VALUES(157,'Chantal Collin','0710456927','3630 تاليا Spurs Apt. 040, Alger',1887,'old','Eum suscipit est unde.','2025-11-16 20:03:21.066985','2025-11-16 20:03:21.066995',1);
INSERT INTO clients VALUES(158,'جنى العليان','0547573977','1, rue Masson, Annaba',28517,'old','Le haine jeune chasser corde moyen créer.','2025-11-16 20:03:21.067550','2025-11-16 20:03:21.067558',1);
INSERT INTO clients VALUES(159,'أبا الخيل PLC','0714322631','3494 مسرور Viaduct Apt. 476, Annaba',34009,'old','Alias architecto saepe nemo molestiae odit.','2025-11-16 20:03:21.068080','2025-11-16 20:03:21.068087',1);
INSERT INTO clients VALUES(160,'Wagner','0686115618','1988 شجاع Vista, Annaba',26784,'old','Facere consequatur dolore laborum autem voluptatibus totam.','2025-11-16 20:03:21.068567','2025-11-16 20:03:21.068574',1);
INSERT INTO clients VALUES(161,'المهندس قطب بقشان','0678688371','6, rue de Benard, Alger',8375,'old','Mari calme bon but.','2025-11-16 20:03:21.069163','2025-11-16 20:03:21.069172',1);
INSERT INTO clients VALUES(162,'Lopes S.A.','0791570419','6, boulevard Frédéric Nguyen, Alger',8552,'old','Matière cause cabinet chasser oser abattre surprendre bande.','2025-11-16 20:03:21.069707','2025-11-16 20:03:21.069714',1);
INSERT INTO clients VALUES(163,'آل محمد بن علي بن جماز, آل صفوان and آل عواض','0628616810','61, boulevard Lemonnier, Oran',20162,'new','','2025-11-16 20:03:21.070172','2025-11-16 20:03:21.070179',1);
INSERT INTO clients VALUES(164,'المهندس طالب المهنا','0583696722','2, rue de Verdier, Alger',796,'old','','2025-11-16 20:03:21.070717','2025-11-16 20:03:21.070730',1);
INSERT INTO clients VALUES(165,'السيدة روعة المهنا','0767120331','729 ربى Underpass, Constantine',39136,'old','Parole tôt connaissance droite.','2025-11-16 20:03:21.071245','2025-11-16 20:03:21.071252',1);
INSERT INTO clients VALUES(166,'المهندس مهران الجفالي','0795946656','50348 آل عطفة Port Suite 128, Alger',14969,'new','','2025-11-16 20:03:21.072342','2025-11-16 20:03:21.072349',1);
INSERT INTO clients VALUES(167,'آل مقطة, آل قصير and المهنا','0615154316','57561 حليم Village, Alger',17,'new','','2025-11-16 20:03:21.072798','2025-11-16 20:03:21.072805',1);
INSERT INTO clients VALUES(168,'آل عايض-شربتلي','0643545775','chemin de Pons, Oran',32204,'new','','2025-11-16 20:03:21.073240','2025-11-16 20:03:21.073247',1);
INSERT INTO clients VALUES(169,'Franck Lopez-Morel','0717507805','792, rue Noël Fouquet, Annaba',33107,'new','Croiser justice lorsque mesure.','2025-11-16 20:03:21.073717','2025-11-16 20:03:21.073724',1);
INSERT INTO clients VALUES(170,'Morel','0571840676','60822 فتحي Track Apt. 596, Alger',32904,'old','Consectetur tempora itaque libero commodi sapiente.','2025-11-16 20:03:21.074197','2025-11-16 20:03:21.074204',1);
INSERT INTO clients VALUES(171,'Martineau','0799527823','33834 المهيدب Fork, Annaba',47429,'new','Harum aliquid quo neque.','2025-11-16 20:03:21.074655','2025-11-16 20:03:21.074662',1);
INSERT INTO clients VALUES(172,'سعد آل سعود','0635002239','324 مرتقي Vista Apt. 245, Alger',43745,'new','Deserunt eaque quas numquam amet sed.','2025-11-16 20:03:21.075120','2025-11-16 20:03:21.075127',1);
INSERT INTO clients VALUES(173,'Blanchet','0768431153','4106 آل الشيخ Meadows, Annaba',36126,'new','','2025-11-16 20:03:21.075571','2025-11-16 20:03:21.075578',1);
INSERT INTO clients VALUES(174,'بن لادن-آل عطفة','0781852317','45164 بقشان Center, Blida',732,'new','','2025-11-16 20:03:21.076129','2025-11-16 20:03:21.076136',1);
INSERT INTO clients VALUES(175,'صبور آل محمد بن علي بن جماز','0673460955','11, rue de Garcia, Alger',27205,'new','','2025-11-16 20:03:21.076629','2025-11-16 20:03:21.076636',1);
INSERT INTO clients VALUES(176,'آل عواض, المغاولة and آل عواض','0684568868','4119 لطوف Pine, Constantine',756,'old','Essayer appeler passer doute souvenir.','2025-11-16 20:03:21.077105','2025-11-16 20:03:21.077112',1);
INSERT INTO clients VALUES(177,'Hélène Verdier','0570642915','27, boulevard Meyer, Oran',22479,'new','Voluptatem doloribus perferendis id voluptates.','2025-11-16 20:03:21.077754','2025-11-16 20:03:21.077761',1);
INSERT INTO clients VALUES(178,'الدكتور حازم الشايع','0590708943','88573 نورس Locks, Annaba',25775,'new','','2025-11-16 20:03:21.078342','2025-11-16 20:03:21.078350',1);
INSERT INTO clients VALUES(179,'Pierre Pons-Courtois','0699197624','22, chemin Charlotte Chrétien, Constantine',33275,'old','Incidunt rem praesentium exercitationem debitis.','2025-11-16 20:03:21.078878','2025-11-16 20:03:21.078886',1);
INSERT INTO clients VALUES(180,'حبّاب بن لادن','0535670571','4, boulevard Guyon, Blida',49719,'old','','2025-11-16 20:03:21.079362','2025-11-16 20:03:21.079368',1);
INSERT INTO clients VALUES(181,'Adélaïde Regnier','0689291183','223 الحكير Cliffs, Alger',42298,'new','','2025-11-16 20:03:21.079998','2025-11-16 20:03:21.080006',1);
INSERT INTO clients VALUES(182,'أجوان آل محمد بن علي بن جماز','0517477488','12562 عتيق Meadows, Alger',41743,'new','Id quas possimus cum eligendi.','2025-11-16 20:03:29.151339','2025-11-16 20:03:29.151348',1);
INSERT INTO clients VALUES(183,'Chantal Guyot','0554588766','735, rue Nathalie David, Alger',35421,'old','','2025-11-16 20:03:29.152197','2025-11-16 20:03:29.152206',1);
INSERT INTO clients VALUES(184,'Simone de Leduc','0513340571','43658 ظبي Isle, Alger',879,'old','','2025-11-16 20:03:29.152937','2025-11-16 20:03:29.152945',1);
INSERT INTO clients VALUES(185,'سلاف الدباغ','0521366761','479, boulevard de Martel, Oran',17344,'new','','2025-11-16 20:03:29.153578','2025-11-16 20:03:29.153589',1);
INSERT INTO clients VALUES(186,'بهجة آل خضير','0587273726','5, boulevard de Tanguy, Constantine',30959,'new','','2025-11-16 20:03:29.154180','2025-11-16 20:03:29.154188',1);
INSERT INTO clients VALUES(187,'Gosselin','0536888354','03984 مقدام Greens, Constantine',46565,'new','','2025-11-16 20:03:29.154754','2025-11-16 20:03:29.154762',1);
INSERT INTO clients VALUES(188,'Marc-Noël Lemaire','0614390261','55, rue de Guérin, Blida',33345,'new','','2025-11-16 20:03:29.155283','2025-11-16 20:03:29.155291',1);
INSERT INTO clients VALUES(189,'Guichard','0573969591','60, chemin de Leclerc, Alger',9088,'new','','2025-11-16 20:03:29.155800','2025-11-16 20:03:29.155808',1);
INSERT INTO clients VALUES(190,'المهيدب-الجفالي','0665960112','7901 بيسان Shoal Apt. 592, Constantine',1330,'new','','2025-11-16 20:03:29.156568','2025-11-16 20:03:29.156577',1);
INSERT INTO clients VALUES(191,'حارث آل عواض','0632340340','314 مزهر Fort, Blida',34333,'new','','2025-11-16 20:03:29.157512','2025-11-16 20:03:29.157527',1);
INSERT INTO clients VALUES(192,'Roger Collet-Renault','0549125870','212 يعرب Fort, Alger',48269,'old','Fugit alias aperiam placeat aut numquam blanditiis tempora.','2025-11-16 20:03:29.158210','2025-11-16 20:03:29.158219',1);
INSERT INTO clients VALUES(193,'روبين آل عطفة','0718775815','36, avenue Baron, Alger',23896,'new','Dignissimos soluta in sit explicabo architecto.','2025-11-16 20:03:29.158770','2025-11-16 20:03:29.158777',1);
INSERT INTO clients VALUES(194,'Meunier','0599512387','1, rue de Auger, Oran',15125,'old','','2025-11-16 20:03:29.159264','2025-11-16 20:03:29.159271',1);
INSERT INTO clients VALUES(195,'Schneider','0528747880','98464 ياسر Plain Suite 588, Blida',17255,'new','','2025-11-16 20:03:29.159759','2025-11-16 20:03:29.159766',1);
INSERT INTO clients VALUES(196,'الأستاذ مصعب الجفالي','0567245555','85622 رابح Row Apt. 031, Oran',19102,'old','Delectus recusandae eveniet ad quod tenetur.','2025-11-16 20:03:29.160553','2025-11-16 20:03:29.160563',1);
INSERT INTO clients VALUES(197,'Agnès-Juliette Ferrand','0565529360','26042 أحمد Plains, Oran',23668,'old','','2025-11-16 20:03:29.161520','2025-11-16 20:03:29.161533',1);
INSERT INTO clients VALUES(198,'بن لادن, المهيدب and الدباغ','0684746468','608 مهنا Drive, Annaba',14736,'old','','2025-11-16 20:03:29.162149','2025-11-16 20:03:29.162157',1);
INSERT INTO clients VALUES(199,'الدكتورة ميرا آل جعفر','0564176162','3, rue Brunet, Oran',27396,'old','Siècle qualité lequel recueillir homme dent aimer.','2025-11-16 20:03:29.162810','2025-11-16 20:03:29.162821',1);
INSERT INTO clients VALUES(200,'Allain','0515770604','944 كانو Heights, Annaba',22541,'new','','2025-11-16 20:03:29.163398','2025-11-16 20:03:29.163409',1);
INSERT INTO clients VALUES(201,'Emmanuelle-Madeleine Antoine','0722840823','chemin Joubert, Constantine',4789,'old','','2025-11-16 20:03:29.163913','2025-11-16 20:03:29.163920',1);
INSERT INTO clients VALUES(202,'Aimée Letellier','0735515245','732, chemin Thierry, Blida',23050,'new','','2025-11-16 20:03:29.164396','2025-11-16 20:03:29.164403',1);
INSERT INTO clients VALUES(203,'ياقوت الجفالي','0770732317','234 نغم Lodge, Oran',36807,'new','','2025-11-16 20:03:29.164873','2025-11-16 20:03:29.164879',1);
INSERT INTO clients VALUES(204,'خميس المهيدب','0753457730','84, chemin Martin, Constantine',24659,'new','Possimus vel accusantium sed vitae.','2025-11-16 20:03:29.165354','2025-11-16 20:03:29.165361',1);
INSERT INTO clients VALUES(205,'Simon Voisin S.A.','0743660847','0290 آل محمد بن علي بن جماز Point, Constantine',16248,'new','','2025-11-16 20:03:29.165858','2025-11-16 20:03:29.165865',1);
INSERT INTO clients VALUES(206,'Susan Vasseur du Albert','0789683243','2680 آل خضير Hollow Suite 364, Alger',18895,'new','Sequi amet est a repellat.','2025-11-16 20:03:29.166401','2025-11-16 20:03:29.166408',1);
INSERT INTO clients VALUES(207,'المشاولة PLC','0631044447','1, rue Zacharie Benard, Oran',19993,'new','','2025-11-16 20:03:29.166867','2025-11-16 20:03:29.166874',1);
INSERT INTO clients VALUES(208,'Julien','0557436079','93158 أبو داوود Knoll Suite 091, Annaba',40783,'new','','2025-11-16 20:03:29.167354','2025-11-16 20:03:29.167361',1);
INSERT INTO clients VALUES(209,'مُتعب حجار','0772716399','57, rue Auguste Vallet, Alger',29031,'new','','2025-11-16 20:03:29.167896','2025-11-16 20:03:29.167904',1);
INSERT INTO clients VALUES(210,'السيد رشيد آل رفيع','0584560442','422 أبو داوود Harbors Apt. 831, Oran',25458,'old','','2025-11-16 20:03:29.168427','2025-11-16 20:03:29.168435',1);
INSERT INTO clients VALUES(211,'Josette Raynaud','0640492630','13, boulevard Yves Gérard, Oran',26767,'new','Pouvoir entretenir devoir cela personne ville.','2025-11-16 20:03:29.168914','2025-11-16 20:03:29.168921',1);
INSERT INTO clients VALUES(212,'حنفي آل سلطان','0522723083','80629 طائع Square, Alger',20243,'new','','2025-11-16 20:03:29.169376','2025-11-16 20:03:29.169382',1);
INSERT INTO clients VALUES(213,'آل عطفة-العقيل','0675148069','28, boulevard de Baron, Oran',11911,'old','','2025-11-16 20:03:29.169824','2025-11-16 20:03:29.169831',1);
INSERT INTO clients VALUES(214,'Boyer','0776139818','14404 آل عطفة Union, Annaba',6620,'old','Alias blanditiis excepturi magni similique temporibus officiis.','2025-11-16 20:03:29.171049','2025-11-16 20:03:29.171056',1);
INSERT INTO clients VALUES(215,'Denis SA','0667808141','219 مهنا Road, Blida',41144,'new','Pariatur iure vero.','2025-11-16 20:03:29.171559','2025-11-16 20:03:29.171565',1);
INSERT INTO clients VALUES(216,'Legrand','0798139140','7582 أبو داوود Knoll Suite 426, Annaba',20619,'new','Somme solitude convenir visible.','2025-11-16 20:03:29.172159','2025-11-16 20:03:29.172166',1);
INSERT INTO clients VALUES(217,'Bernier','0548865558','avenue de Marie, Constantine',44892,'new','Atque ad minus minima cum quia.','2025-11-16 20:03:29.172690','2025-11-16 20:03:29.172697',1);
INSERT INTO clients VALUES(218,'Stéphanie Texier du Aubert','0613108442','64, boulevard de Da Costa, Alger',45165,'new','','2025-11-16 20:03:29.173246','2025-11-16 20:03:29.173254',1);
INSERT INTO clients VALUES(219,'آل مقطة-الخرافي','0515129919','60, rue Dupont, Oran',1211,'old','Midi troisième mal pourtant nuage.','2025-11-16 20:03:29.173863','2025-11-16 20:03:29.173871',1);
INSERT INTO clients VALUES(220,'Dupuis','0563090474','1188 أبو داوود Views, Constantine',44963,'old','','2025-11-16 20:03:29.174335','2025-11-16 20:03:29.174342',1);
INSERT INTO clients VALUES(221,'Pons et Fils','0675326392','002 رسمي Brooks, Oran',30611,'old','Harum molestiae soluta consectetur sint consectetur.','2025-11-16 20:03:29.174811','2025-11-16 20:03:29.174818',1);
INSERT INTO clients VALUES(222,'Laporte','0696950947','798, rue de Lebreton, Alger',25715,'old','Ullam omnis quisquam dolore.','2025-11-16 20:03:29.175284','2025-11-16 20:03:29.175290',1);
INSERT INTO clients VALUES(223,'نشوة الخرافي','0777408967','33, avenue Adrienne Da Silva, Alger',2832,'new','Décider réunir port vie cent.','2025-11-16 20:03:29.175768','2025-11-16 20:03:29.175774',1);
INSERT INTO clients VALUES(224,'Nicole Maillot','0638003541','27837 مؤنس Wells Suite 331, Oran',12168,'old','Ipsam iusto autem quia nemo.','2025-11-16 20:03:29.176244','2025-11-16 20:03:29.176250',1);
INSERT INTO clients VALUES(225,'السيد عبد القدّوس آل سلطان','0645733333','955, rue Céline Albert, Constantine',15375,'old','Feuille entier avenir un.','2025-11-16 20:03:29.176732','2025-11-16 20:03:29.176739',1);
INSERT INTO clients VALUES(226,'آل الشيخ, آل بن لافي and الحكير','0670898111','999 مُتعب Roads Suite 268, Annaba',16437,'old','','2025-11-16 20:03:29.177285','2025-11-16 20:03:29.177291',1);
INSERT INTO clients VALUES(227,'Alain Guichard','0578256527','431, rue de Bigot, Constantine',20409,'old','','2025-11-16 20:03:29.177835','2025-11-16 20:03:29.177843',1);
INSERT INTO clients VALUES(228,'Mace Alexandre et Fils','0630938289','183 آل عواض Freeway, Alger',22115,'new','','2025-11-16 20:03:29.178369','2025-11-16 20:03:29.178377',1);
INSERT INTO clients VALUES(229,'الشايع Ltd','0553634852','81111 فاضل River, Oran',6872,'old','Vide contenter puissance parent.','2025-11-16 20:03:29.178960','2025-11-16 20:03:29.178967',1);
INSERT INTO clients VALUES(230,'Gérard Gomez','0695949188','9, rue Grondin, Blida',22348,'old','In omnis veniam quae.','2025-11-16 20:03:29.179524','2025-11-16 20:03:29.179534',1);
INSERT INTO clients VALUES(231,'الآنسة ريتاج آل بن ظافر','0556100043','332, rue Guy Millet, Alger',12859,'new','','2025-11-16 20:03:29.180085','2025-11-16 20:03:29.180092',1);
INSERT INTO clients VALUES(232,'الدكتور حازم آل سعود','0620648865','7019 الدباغ Alley Apt. 559, Alger',19570,'old','','2025-11-16 20:06:59.494758','2025-11-16 20:06:59.494772',1);
INSERT INTO clients VALUES(233,'Margot Launay','0577325165','38, rue de Lefèvre, Constantine',39116,'new','Poésie entendre quinze.','2025-11-16 20:06:59.495941','2025-11-16 20:06:59.495955',1);
INSERT INTO clients VALUES(234,'Françoise de Aubry','0721450009','76, chemin Ferreira, Oran',18263,'old','','2025-11-16 20:06:59.496980','2025-11-16 20:06:59.496993',1);
INSERT INTO clients VALUES(235,'لينا أبو داوود','0544017461','84, boulevard Pasquier, Blida',33140,'new','','2025-11-16 20:06:59.497802','2025-11-16 20:06:59.497814',1);
INSERT INTO clients VALUES(236,'Auguste Blot','0512428425','666 آل صفوان Tunnel, Blida',38844,'old','','2025-11-16 20:06:59.498429','2025-11-16 20:06:59.498439',1);
INSERT INTO clients VALUES(237,'أبو داوود, الراشد and الحكير','0592863246','4, boulevard Léon Nguyen, Alger',13822,'new','','2025-11-16 20:06:59.499219','2025-11-16 20:06:59.499230',1);
INSERT INTO clients VALUES(238,'Legendre','0573453201','726 آل عايض Center, Oran',35423,'old','Paupière rien discussion enfoncer mesure tout chute ferme.','2025-11-16 20:06:59.499916','2025-11-16 20:06:59.499927',1);
INSERT INTO clients VALUES(239,'Geneviève du Menard','0519066413','99762 عالم Well, Alger',30574,'old','Te tombe admettre l''une rompre abattre donner paupière.','2025-11-16 20:06:59.500597','2025-11-16 20:06:59.500609',1);
INSERT INTO clients VALUES(240,'الشايع-مهنا','0616852164','92405 يحيى Route, Oran',41161,'new','Doloremque maxime debitis facilis laborum.','2025-11-16 20:06:59.501259','2025-11-16 20:06:59.501268',1);
INSERT INTO clients VALUES(241,'الأستاذ عاكف آل صفوان','0687133176','200, chemin Blanc, Alger',45444,'old','Sapiente harum autem quae quam atque tempora praesentium.','2025-11-16 20:06:59.501950','2025-11-16 20:06:59.501994',1);
INSERT INTO clients VALUES(242,'حنبولي, أبو داوود and بقشان','0633490858','387, rue de Bonnin, Blida',23932,'old','A nemo nulla voluptatum.','2025-11-16 20:06:59.503045','2025-11-16 20:06:59.503059',1);
INSERT INTO clients VALUES(243,'آل بن ظافر-الدباغ','0571494414','78191 عارف Overpass Apt. 624, Alger',9625,'old','','2025-11-16 20:06:59.503685','2025-11-16 20:06:59.503695',1);
INSERT INTO clients VALUES(244,'Faivre SA','0594504816','33623 نضال Crossroad, Oran',9429,'new','','2025-11-16 20:06:59.504276','2025-11-16 20:06:59.504285',1);
INSERT INTO clients VALUES(245,'ناظم العجلان','0766637304','3311 مفيد Knoll Suite 033, Alger',49039,'old','Chaise élément semaine rendre quand tapis bout dessiner.','2025-11-16 20:06:59.505000','2025-11-16 20:06:59.505012',1);
INSERT INTO clients VALUES(246,'مروان أبا الخيل','0720280177','7, boulevard Aurore Raymond, Constantine',41118,'old','Totam minus fugit aliquid vitae consequuntur dolores nobis.','2025-11-16 20:06:59.506317','2025-11-16 20:06:59.506338',1);
INSERT INTO clients VALUES(247,'Chauvin SA','0698196114','31, rue Pelletier, Alger',23648,'new','','2025-11-16 20:06:59.507144','2025-11-16 20:06:59.507159',1);
INSERT INTO clients VALUES(248,'آل صفوان PLC','0783166028','44, rue de Grenier, Constantine',18092,'new','Chute décrire rester ailleurs attirer aucun produire.','2025-11-16 20:06:59.507804','2025-11-16 20:06:59.507814',1);
INSERT INTO clients VALUES(249,'Michèle Goncalves','0757796584','8199 آل عواض Lodge, Annaba',40251,'new','','2025-11-16 20:06:59.508359','2025-11-16 20:06:59.508368',1);
INSERT INTO clients VALUES(250,'نصر الدّين الجابر','0733799018','6, boulevard de Hernandez, Annaba',13184,'old','Renoncer rapport blanc rose respecter fleur.','2025-11-16 20:06:59.509004','2025-11-16 20:06:59.509012',1);
INSERT INTO clients VALUES(251,'Brunel','0554429777','97106 ضاحك Bridge, Oran',26141,'old','','2025-11-16 20:06:59.509539','2025-11-16 20:06:59.509546',1);
INSERT INTO clients VALUES(252,'العجلان-آل حسين','0578607112','chemin de Mendès, Annaba',15999,'new','Tourner trois eaux ennemi loup risquer inquiéter.','2025-11-16 20:06:59.510136','2025-11-16 20:06:59.510148',1);
INSERT INTO clients VALUES(253,'جلنار أبا الخيل','0745151839','85543 مُتعب Mountain, Alger',38120,'old','Nostrum nostrum occaecati optio sequi quidem eius recusandae.','2025-11-16 20:06:59.510842','2025-11-16 20:06:59.510851',1);
INSERT INTO clients VALUES(254,'دارين آل عواض','0734090101','95, avenue de Aubert, Blida',13820,'old','','2025-11-16 20:06:59.511381','2025-11-16 20:06:59.511389',1);
INSERT INTO clients VALUES(255,'Moulin','0737015652','89, rue Grégoire, Oran',35084,'old','','2025-11-16 20:06:59.511909','2025-11-16 20:06:59.511916',1);
INSERT INTO clients VALUES(256,'المهندسة ماذى المهنا','0516412900','9562 فارع Unions Apt. 132, Blida',21894,'new','Quos unde maxime veniam vitae.','2025-11-16 20:06:59.512464','2025-11-16 20:06:59.512472',1);
INSERT INTO clients VALUES(257,'المهندس سيّد آل سعود','0521240792','813, chemin Alexandrie Blot, Alger',16975,'new','Réunir tel honte.','2025-11-16 20:06:59.513008','2025-11-16 20:06:59.513016',1);
INSERT INTO clients VALUES(258,'آل سلطان, العقيل and حجار','0591530718','rue Léger, Annaba',31618,'new','','2025-11-16 20:06:59.513520','2025-11-16 20:06:59.513528',1);
INSERT INTO clients VALUES(259,'الجفالي, حنبولي and العجلان','0739674533','12, rue Alain Guillot, Constantine',19987,'new','Officia laborum laudantium reiciendis vero quo laudantium.','2025-11-16 20:06:59.514135','2025-11-16 20:06:59.514143',1);
INSERT INTO clients VALUES(260,'Chrétien','0667547669','32, rue de Payet, Blida',5907,'new','','2025-11-16 20:06:59.514646','2025-11-16 20:06:59.514654',1);
INSERT INTO clients VALUES(261,'Ramos','0613277805','87, chemin Valérie Pottier, Constantine',8434,'old','Hic tempore et necessitatibus.','2025-11-16 20:06:59.515149','2025-11-16 20:06:59.515156',1);
INSERT INTO clients VALUES(262,'المهندسة ميرا فصيل','0687574750','5323 همام Stravenue Suite 400, Annaba',22735,'new','','2025-11-16 20:06:59.515689','2025-11-16 20:06:59.515696',1);
INSERT INTO clients VALUES(263,'الخرافي Inc','0788024864','69146 بتول Well, Annaba',24921,'old','','2025-11-16 20:06:59.516234','2025-11-16 20:06:59.516241',1);
INSERT INTO clients VALUES(264,'Marie S.A.R.L.','0795590911','457 المهيدب Spring, Oran',22844,'old','','2025-11-16 20:06:59.516797','2025-11-16 20:06:59.516807',1);
INSERT INTO clients VALUES(265,'Jérôme Godard','0649302166','34, avenue de Brunet, Annaba',38825,'new','','2025-11-16 20:06:59.517348','2025-11-16 20:06:59.517356',1);
INSERT INTO clients VALUES(266,'المهندس حاتم أبا الخيل','0582041149','67, boulevard Thomas, Blida',22076,'old','Explicabo quam aspernatur ut.','2025-11-16 20:06:59.518927','2025-11-16 20:06:59.518941',1);
INSERT INTO clients VALUES(267,'الدكتور رائد فصيل','0512397200','57, boulevard de Lelièvre, Alger',15691,'new','Repellat velit modi velit.','2025-11-16 20:06:59.519741','2025-11-16 20:06:59.519816',1);
INSERT INTO clients VALUES(268,'مايا آل عواض','0567290912','61, boulevard Pereira, Blida',42883,'new','','2025-11-16 20:06:59.520586','2025-11-16 20:06:59.520599',1);
INSERT INTO clients VALUES(269,'الأستاذة هيا الدباغ','0660653611','79, boulevard de Lévêque, Oran',25224,'new','Soluta doloribus velit quaerat.','2025-11-16 20:06:59.521208','2025-11-16 20:06:59.521219',1);
INSERT INTO clients VALUES(270,'Laetitia Le Pages','0784371912','6099 الخرافي Village, Alger',49481,'old','Voluptatum tempore veniam.','2025-11-16 20:06:59.521801','2025-11-16 20:06:59.521812',1);
INSERT INTO clients VALUES(271,'حجار, العجلان and العقيل','0770168787','35378 آل رفيع Divide, Annaba',29965,'old','','2025-11-16 20:06:59.522445','2025-11-16 20:06:59.522455',1);
INSERT INTO clients VALUES(272,'Chauvet SA','0641995947','41, rue Odette Blot, Annaba',47705,'new','','2025-11-16 20:06:59.523049','2025-11-16 20:06:59.523058',1);
INSERT INTO clients VALUES(273,'الدكتور دهمان آل مقطة','0588846756','16, boulevard Cousin, Oran',14468,'old','','2025-11-16 20:06:59.523578','2025-11-16 20:06:59.523586',1);
INSERT INTO clients VALUES(274,'الآنسة سجى المهنا','0532528285','46, rue Rey, Constantine',45018,'old','Conclure chien crise prétendre lieu elle.','2025-11-16 20:06:59.524156','2025-11-16 20:06:59.524166',1);
INSERT INTO clients VALUES(275,'الأستاذة ايمان آل الشيخ','0765941768','839, rue Gérard, Annaba',16920,'new','Temporibus cumque natus sequi ducimus nisi deserunt quibusdam.','2025-11-16 20:06:59.524724','2025-11-16 20:06:59.524732',1);
INSERT INTO clients VALUES(276,'حمدي آل معيض','0589902612','17089 لينا Cliff, Constantine',48679,'new','','2025-11-16 20:06:59.525267','2025-11-16 20:06:59.525276',1);
INSERT INTO clients VALUES(277,'العجلان-آل بن ظافر','0789742249','6204 بقشان Plaza, Constantine',17846,'old','Maiores hic eaque repellat.','2025-11-16 20:06:59.526000','2025-11-16 20:06:59.526011',1);
INSERT INTO clients VALUES(278,'Techer Leroy SARL','0537343772','885 مروان Stravenue, Constantine',35969,'old','','2025-11-16 20:06:59.526968','2025-11-16 20:06:59.526987',1);
INSERT INTO clients VALUES(279,'Élodie Rousseau','0556057299','29, avenue de Breton, Blida',299,'new','','2025-11-16 20:06:59.527605','2025-11-16 20:06:59.527615',1);
INSERT INTO clients VALUES(280,'الجابر Group','0579642432','740, rue de Meyer, Alger',7551,'old','','2025-11-16 20:06:59.528158','2025-11-16 20:06:59.528166',1);
INSERT INTO clients VALUES(281,'الدكتور عبد الحقّ آل العسكري','0743984123','21057 المشاولة Mills Apt. 574, Blida',30343,'old','','2025-11-16 20:06:59.528751','2025-11-16 20:06:59.528759',1);
CREATE TABLE IF NOT EXISTS "suppliers" ("id" integer NOT NULL PRIMARY KEY AUTOINCREMENT, "name" varchar(100) NOT NULL, "phone" varchar(20) NOT NULL, "address" text NOT NULL, "notes" text NOT NULL, "is_active" bool NOT NULL, "created_at" datetime NOT NULL, "updated_at" datetime NOT NULL);
INSERT INTO suppliers VALUES(44,'Bailly Quincaillerie','0779483713',replace('70, rue Denise Techer\n72166 Olivier-sur-Hamon','\n',char(10)),'',1,'2025-11-16 20:03:21.080597','2025-11-16 20:03:21.080606');
INSERT INTO suppliers VALUES(45,'Marty Électricité','0552486421',replace('3312 عامر Lock Suite 179\nفتحيville, SD 33485','\n',char(10)),'',1,'2025-11-16 20:03:21.081335','2025-11-16 20:03:21.081342');
INSERT INTO suppliers VALUES(46,'Bernard Construction','0713696569',replace('93, rue Laurent Schneider\n97677 Le Gall-sur-Mer','\n',char(10)),'',1,'2025-11-16 20:03:21.081890','2025-11-16 20:03:21.081901');
INSERT INTO suppliers VALUES(47,'المهيدب-آل العسكري Construction','0676761141',replace('PSC 2904, Box 2353\nAPO AE 77057','\n',char(10)),'',1,'2025-11-16 20:03:21.082424','2025-11-16 20:03:21.082431');
INSERT INTO suppliers VALUES(48,'Jacob Électricité','0780285576',replace('rue Olivier\n37559 Saint Alphonse','\n',char(10)),'',1,'2025-11-16 20:03:21.083015','2025-11-16 20:03:21.083023');
INSERT INTO suppliers VALUES(49,'Julien Quincaillerie','0627713842',replace('55, boulevard de Bourdon\n50680 Noël','\n',char(10)),'',1,'2025-11-16 20:03:21.083528','2025-11-16 20:03:21.083535');
INSERT INTO suppliers VALUES(50,'Colas Électricité','0572793261',replace('77, rue Poulain\n27372 Tanguy','\n',char(10)),'',1,'2025-11-16 20:03:21.083983','2025-11-16 20:03:21.083990');
INSERT INTO suppliers VALUES(51,'آل سعود Group Plomberie','0754432327',replace('114 مرتجي Motorway Suite 968\nEast مالكfort, AR 16897','\n',char(10)),'',1,'2025-11-16 20:03:21.084450','2025-11-16 20:03:21.084457');
INSERT INTO suppliers VALUES(52,'Dupuis Quincaillerie','0768026760',replace('5, rue Chauvet\n82368 Diasboeuf','\n',char(10)),'',1,'2025-11-16 20:03:21.084903','2025-11-16 20:03:21.084909');
INSERT INTO suppliers VALUES(53,'حجار, آل العسكري and شربتلي Électricité','0746205067',replace('28, avenue Mathilde Perrier\n80192 Huet','\n',char(10)),'',1,'2025-11-16 20:03:21.085361','2025-11-16 20:03:21.085367');
INSERT INTO suppliers VALUES(54,'Martineau Construction','0633503909',replace('36056 آل رفيع Junctions\nNorth صدر الدّينmouth, KY 59847','\n',char(10)),'',1,'2025-11-16 20:03:21.085812','2025-11-16 20:03:21.085818');
INSERT INTO suppliers VALUES(55,'Hervé Construction','0733300888',replace('125 تاليا Mountain Apt. 236\nWest نجدت, MH 68108','\n',char(10)),'',1,'2025-11-16 20:03:21.086323','2025-11-16 20:03:21.086330');
INSERT INTO suppliers VALUES(56,'Simon Plomberie','0551418658',replace('037 حافظ Stravenue Suite 813\nكايدhaven, FM 13083','\n',char(10)),'',1,'2025-11-16 20:03:21.086893','2025-11-16 20:03:21.086901');
INSERT INTO suppliers VALUES(57,'آل سعود, المشاولة and آل محمد بن علي بن جماز Plomberie','0645129683',replace('34908 المهيدب Motorway\nكرمtown, MN 03660','\n',char(10)),'',1,'2025-11-16 20:03:21.087530','2025-11-16 20:03:21.087539');
INSERT INTO suppliers VALUES(58,'آل بن ظافر, العقيل and الشايع Plomberie','0613993216',replace('rue Françoise Perrot\n31731 Schmitt','\n',char(10)),'',1,'2025-11-16 20:03:21.088107','2025-11-16 20:03:21.088114');
INSERT INTO suppliers VALUES(59,'آل بن ظافر-كانو Quincaillerie','0689283876',replace('8756 كسّاب Union Suite 808\nPort صارمfurt, MT 33475','\n',char(10)),'',1,'2025-11-16 20:03:21.088721','2025-11-16 20:03:21.088730');
INSERT INTO suppliers VALUES(60,'Breton Lopez S.A. Électricité','0671126139',replace('7697 شكيب Prairie Apt. 325\nEast دؤوب, SC 23690','\n',char(10)),'',1,'2025-11-16 20:03:21.089294','2025-11-16 20:03:21.089303');
INSERT INTO suppliers VALUES(61,'آل محمد بن علي بن جماز, الجفالي and المشاولة Électricité','0550711488',replace('729 شكري Grove\nEast علوان, MI 20855','\n',char(10)),'',1,'2025-11-16 20:03:21.089895','2025-11-16 20:03:21.089905');
INSERT INTO suppliers VALUES(62,'آل بن ظافر PLC Plomberie','0634941127',replace('633 آل الشيخ Ridge\nLake سنام, SD 79882','\n',char(10)),'',1,'2025-11-16 20:03:21.090508','2025-11-16 20:03:21.090518');
INSERT INTO suppliers VALUES(63,'Perrot Quincaillerie','0588683946',replace('61, avenue Henri Léger\n03219 CourtoisBourg','\n',char(10)),'',1,'2025-11-16 20:03:21.091056','2025-11-16 20:03:21.091065');
INSERT INTO suppliers VALUES(64,'Bourgeois S.A. Électricité','0626703064',replace('rue Valette\n63223 Le Gall-sur-Baron','\n',char(10)),'',1,'2025-11-16 20:03:29.180685','2025-11-16 20:03:29.180693');
INSERT INTO suppliers VALUES(65,'Lecoq Pages SA Plomberie','0620725900',replace('683, chemin Leroux\n02673 Sainte Arnaude-les-Bains','\n',char(10)),'',1,'2025-11-16 20:03:29.181268','2025-11-16 20:03:29.181275');
INSERT INTO suppliers VALUES(66,'المهيدب, الجفالي and المهيدب Plomberie','0580756701',replace('641, boulevard Auger\n19370 VincentBourg','\n',char(10)),'',1,'2025-11-16 20:03:29.181783','2025-11-16 20:03:29.181790');
INSERT INTO suppliers VALUES(67,'Léger Colas SARL Électricité','0724781099',replace('971, chemin de Carlier\n37225 ReynaudVille','\n',char(10)),'',1,'2025-11-16 20:03:29.182407','2025-11-16 20:03:29.182419');
INSERT INTO suppliers VALUES(68,'شربتلي, آل رفيع and الجفالي Construction','0778193685',replace('55, chemin Delannoy\n74293 Delattre','\n',char(10)),'',1,'2025-11-16 20:03:29.183123','2025-11-16 20:03:29.183134');
INSERT INTO suppliers VALUES(69,'Boutin Plomberie','0731987278',replace('98, chemin Vaillant\n89807 Jacquotboeuf','\n',char(10)),'',1,'2025-11-16 20:03:29.183738','2025-11-16 20:03:29.183746');
INSERT INTO suppliers VALUES(70,'آل قصير Inc Quincaillerie','0766215766',replace('70782 آل العسكري Views Suite 847\nEast تميم, FM 11584','\n',char(10)),'',1,'2025-11-16 20:03:29.184320','2025-11-16 20:03:29.184328');
INSERT INTO suppliers VALUES(71,'الشايع, كانو and العجلان Électricité','0673649178',replace('61, rue Petitjean\n28267 Godard','\n',char(10)),'',1,'2025-11-16 20:03:29.184861','2025-11-16 20:03:29.184869');
INSERT INTO suppliers VALUES(72,'العقيل PLC Construction','0616601755',replace('rue de Georges\n73215 De Oliveira','\n',char(10)),'',1,'2025-11-16 20:03:29.185351','2025-11-16 20:03:29.185358');
INSERT INTO suppliers VALUES(73,'Bouvier Électricité','0772184889',replace('84, rue Bonneau\n22928 Barondan','\n',char(10)),'',1,'2025-11-16 20:03:29.185832','2025-11-16 20:03:29.185839');
INSERT INTO suppliers VALUES(74,'Navarro Construction','0636950123',replace('3, chemin Barbe\n47543 RaymondBourg','\n',char(10)),'',1,'2025-11-16 20:03:29.186678','2025-11-16 20:03:29.186687');
INSERT INTO suppliers VALUES(75,'Perrier Construction','0536464255',replace('01641 آل قصير Rest\nNew علم الدّين, MP 15616','\n',char(10)),'',1,'2025-11-16 20:03:29.187258','2025-11-16 20:03:29.187268');
INSERT INTO suppliers VALUES(76,'Labbé Électricité','0658437091',replace('74, boulevard Leroux\n84264 Bertinnec','\n',char(10)),'',1,'2025-11-16 20:03:29.187832','2025-11-16 20:03:29.187840');
INSERT INTO suppliers VALUES(77,'العقيل-الراشد Quincaillerie','0591081585',replace('rue de Tanguy\n76116 Saint Aimé','\n',char(10)),'',1,'2025-11-16 20:03:29.188463','2025-11-16 20:03:29.188474');
INSERT INTO suppliers VALUES(78,'Pires S.A.R.L. Quincaillerie','0582305516',replace('75, chemin de Pascal\n48460 Marchand','\n',char(10)),'',1,'2025-11-16 20:03:29.189064','2025-11-16 20:03:29.189073');
INSERT INTO suppliers VALUES(79,'آل العسكري, حنبولي and آل عطفة Plomberie','0720162592',replace('30918 آل جعفر Oval Suite 612\nPort حمدي, TN 34628','\n',char(10)),'',1,'2025-11-16 20:03:29.189596','2025-11-16 20:03:29.189603');
INSERT INTO suppliers VALUES(80,'آل بن لافي, الجفالي and آل بن لافي Quincaillerie','0642154758',replace('31740 آل معيض Brook Suite 353\nالمهيدبport, PA 48978','\n',char(10)),'',1,'2025-11-16 20:03:29.190113','2025-11-16 20:03:29.190120');
INSERT INTO suppliers VALUES(81,'آل مقطة, الجفالي and المشاولة Plomberie','0550895300',replace('9621 العجلان Garden\nمفيدmouth, CT 30425','\n',char(10)),'',1,'2025-11-16 20:03:29.190606','2025-11-16 20:03:29.190613');
INSERT INTO suppliers VALUES(82,'حنبولي-حجار Quincaillerie','0686127551',replace('18630 عبد المجيد Keys\nمكّيfort, KY 18820','\n',char(10)),'',1,'2025-11-16 20:03:29.191092','2025-11-16 20:03:29.191100');
INSERT INTO suppliers VALUES(83,'آل بن لافي Ltd Construction','0614303742',replace('54642 آل عايض Pine\nWest عربي, RI 59262','\n',char(10)),'',1,'2025-11-16 20:03:29.191649','2025-11-16 20:03:29.191656');
INSERT INTO suppliers VALUES(84,'آل عطفة, الراشد and آل قصير Plomberie','0742250451',replace('7947 محجوب Locks\nNorth عبد الواحد, IL 67148','\n',char(10)),'',1,'2025-11-16 20:06:59.529417','2025-11-16 20:06:59.529426');
INSERT INTO suppliers VALUES(85,'حجار PLC Électricité','0777065539',replace('926 عبد المولى Branch\nمعنland, TX 41411','\n',char(10)),'',1,'2025-11-16 20:06:59.530021','2025-11-16 20:06:59.530028');
INSERT INTO suppliers VALUES(86,'الخرافي, آل الشيخ and العليان Électricité','0762623405',replace('chemin de Paul\n19255 Saint Laetitia','\n',char(10)),'',1,'2025-11-16 20:06:59.530527','2025-11-16 20:06:59.530534');
INSERT INTO suppliers VALUES(87,'آل سعود, شربتلي and حنبولي Quincaillerie','0754227588',replace('9019 نوري Turnpike\nحمدانmouth, VT 34053','\n',char(10)),'',1,'2025-11-16 20:06:59.531168','2025-11-16 20:06:59.531178');
INSERT INTO suppliers VALUES(88,'حنبولي, آل عايض and العليان Plomberie','0520812035',replace('8813 الجابر Ferry Apt. 260\nSouth جالاshire, DC 76332','\n',char(10)),'',1,'2025-11-16 20:06:59.531737','2025-11-16 20:06:59.531745');
INSERT INTO suppliers VALUES(89,'حجار Group Plomberie','0652014528',replace('90765 عبد الرّؤوف Isle\nLake تالاbury, AK 10698','\n',char(10)),'',1,'2025-11-16 20:06:59.532299','2025-11-16 20:06:59.532309');
INSERT INTO suppliers VALUES(90,'العقيل Inc Plomberie','0611705920',replace('6, chemin Weiss\n07664 HuetVille','\n',char(10)),'',1,'2025-11-16 20:06:59.532852','2025-11-16 20:06:59.532860');
INSERT INTO suppliers VALUES(91,'آل عواض Group Plomberie','0729878350',replace('53, avenue Hortense Moulin\n52642 Perrin','\n',char(10)),'',1,'2025-11-16 20:06:59.533361','2025-11-16 20:06:59.533370');
INSERT INTO suppliers VALUES(92,'Chevallier S.A.R.L. Plomberie','0764146961',replace('67, rue Lejeune\n53671 Saint Danielle','\n',char(10)),'',1,'2025-11-16 20:06:59.533847','2025-11-16 20:06:59.533854');
INSERT INTO suppliers VALUES(93,'أبا الخيل-آل سعود Construction','0757837171',replace('66, rue de Leduc\n04646 Gaudinnec','\n',char(10)),'',1,'2025-11-16 20:06:59.535008','2025-11-16 20:06:59.535021');
INSERT INTO suppliers VALUES(94,'Mercier Plomberie','0593764603',replace('46, chemin Hardy\n73379 Saint AntoinetteVille','\n',char(10)),'',1,'2025-11-16 20:06:59.535866','2025-11-16 20:06:59.535877');
INSERT INTO suppliers VALUES(95,'بن لادن, حجار and المشاولة Quincaillerie','0629197371',replace('1, avenue de Boulay\n17599 Boyerdan','\n',char(10)),'',1,'2025-11-16 20:06:59.536601','2025-11-16 20:06:59.536611');
INSERT INTO suppliers VALUES(96,'Guillot et Fils Construction','0592817190',replace('40, chemin de Maury\n77251 Bazin-les-Bains','\n',char(10)),'',1,'2025-11-16 20:06:59.537204','2025-11-16 20:06:59.537213');
INSERT INTO suppliers VALUES(97,'Boulay S.A.R.L. Construction','0655538656',replace('8626 الشايع Springs\nSouth مرعي, SD 77497','\n',char(10)),'',1,'2025-11-16 20:06:59.538301','2025-11-16 20:06:59.538336');
INSERT INTO suppliers VALUES(98,'فصيل, آل صفوان and آل الشيخ Électricité','0692695668',replace('62337 آل رفيع Lane\nنشأتburgh, MP 98464','\n',char(10)),'',1,'2025-11-16 20:06:59.539638','2025-11-16 20:06:59.539650');
INSERT INTO suppliers VALUES(99,'Joseph Thomas SARL Électricité','0512686956',replace('84, rue Guibert\n14119 BourdonVille','\n',char(10)),'',1,'2025-11-16 20:06:59.540176','2025-11-16 20:06:59.540184');
INSERT INTO suppliers VALUES(100,'العليان, أبو داوود and آل بن لافي Quincaillerie','0697207319',replace('7833 فارس Mills\nSouth هايديborough, WY 20231','\n',char(10)),'',1,'2025-11-16 20:06:59.540809','2025-11-16 20:06:59.540819');
INSERT INTO suppliers VALUES(101,'Antoine Construction','0658649108',replace('avenue Joubert\n37123 Thierrynec','\n',char(10)),'',1,'2025-11-16 20:06:59.541354','2025-11-16 20:06:59.541363');
INSERT INTO suppliers VALUES(102,'آل رفيع, آل محمد بن علي بن جماز and آل العسكري Quincaillerie','0782943160',replace('7979 تقي Inlet\nنصوحmouth, MN 25369','\n',char(10)),'',1,'2025-11-16 20:06:59.541901','2025-11-16 20:06:59.541909');
INSERT INTO suppliers VALUES(103,'آل خضير-آل صفوان Électricité','0638745584',replace('83, rue Nath Schneider\n18952 Bouchet','\n',char(10)),'',1,'2025-11-16 20:06:59.542415','2025-11-16 20:06:59.542422');
CREATE TABLE IF NOT EXISTS "inputs" ("id" integer NOT NULL PRIMARY KEY AUTOINCREMENT, "type" varchar(20) NOT NULL, "amount" decimal NOT NULL, "description" text NOT NULL, "reference" varchar(50) NOT NULL UNIQUE, "created_at" datetime NOT NULL, "updated_at" datetime NOT NULL, "created_by_id" bigint NOT NULL REFERENCES "users" ("id") DEFERRABLE INITIALLY DEFERRED, "order_id" bigint NULL REFERENCES "orders" ("id") DEFERRABLE INITIALLY DEFERRED, "date" datetime NOT NULL);
INSERT INTO inputs VALUES(49,'shop_deposit',3189919,'','DEP-USE-2511-0001','2025-11-16 20:06:59.710253','2025-11-16 20:06:59.710259',46,NULL,'2025-06-23 20:06:59.708786');
INSERT INTO inputs VALUES(50,'client_payment',3370170,'','LR-PAY-2511-0001','2025-11-16 20:06:59.741693','2025-11-16 20:06:59.741699',46,111,'2025-09-27 20:06:59.710732');
INSERT INTO inputs VALUES(51,'shop_deposit',3334138,'','DEP-USE-2511-0002','2025-11-16 20:06:59.743850','2025-11-16 20:06:59.743856',49,NULL,'2025-07-31 20:06:59.742698');
INSERT INTO inputs VALUES(52,'shop_deposit',2694113,'','DEP-USE-2511-0003','2025-11-16 20:06:59.745550','2025-11-16 20:06:59.745558',47,NULL,'2025-07-24 20:06:59.744377');
INSERT INTO inputs VALUES(53,'shop_deposit',2918732,'','DEP-USE-2511-0004','2025-11-16 20:06:59.747397','2025-11-16 20:06:59.747403',48,NULL,'2025-06-30 20:06:59.746170');
INSERT INTO inputs VALUES(54,'shop_deposit',1082683,'','DEP-USE-2511-0005','2025-11-16 20:06:59.748886','2025-11-16 20:06:59.748892',49,NULL,'2025-06-05 20:06:59.747869');
INSERT INTO inputs VALUES(55,'shop_deposit',5481350,'','DEP-USE-2511-0006','2025-11-16 20:06:59.750323','2025-11-16 20:06:59.750329',47,NULL,'2025-06-26 20:06:59.749333');
INSERT INTO inputs VALUES(56,'shop_deposit',22712,'','DEP-USE-2511-0007','2025-11-16 20:06:59.751763','2025-11-16 20:06:59.751770',49,NULL,'2025-06-12 20:06:59.750752');
INSERT INTO inputs VALUES(57,'shop_deposit',8903467,'','DEP-USE-2511-0008','2025-11-16 20:06:59.753240','2025-11-16 20:06:59.753246',47,NULL,'2025-09-18 20:06:59.752183');
INSERT INTO inputs VALUES(58,'client_payment',1443781,'','CS-PAY-2511-0001','2025-11-16 20:06:59.783624','2025-11-16 20:06:59.783630',46,31,'2025-08-02 20:06:59.753725');
INSERT INTO inputs VALUES(59,'shop_deposit',9409472,'','DEP-USE-2511-0009','2025-11-16 20:06:59.785578','2025-11-16 20:06:59.785583',50,NULL,'2025-07-11 20:06:59.784517');
INSERT INTO inputs VALUES(60,'shop_deposit',9719401,'','DEP-USE-2511-0010','2025-11-16 20:06:59.787052','2025-11-16 20:06:59.787057',48,NULL,'2025-08-21 20:06:59.786051');
INSERT INTO inputs VALUES(61,'shop_deposit',1201638,'','DEP-USE-2511-0011','2025-11-16 20:06:59.788442','2025-11-16 20:06:59.788448',46,NULL,'2025-06-22 20:06:59.787465');
INSERT INTO inputs VALUES(62,'shop_deposit',5976080,'','DEP-USE-2511-0012','2025-11-16 20:06:59.789871','2025-11-16 20:06:59.789877',47,NULL,'2025-08-10 20:06:59.788867');
INSERT INTO inputs VALUES(63,'shop_deposit',1359024,'','DEP-USE-2511-0013','2025-11-16 20:06:59.791343','2025-11-16 20:06:59.791350',47,NULL,'2025-07-18 20:06:59.790304');
INSERT INTO inputs VALUES(64,'client_payment',1434371,'','UNK-PAY-2511-0001','2025-11-16 20:06:59.821080','2025-11-16 20:06:59.821086',49,80,'2025-07-17 20:06:59.791808');
INSERT INTO inputs VALUES(65,'shop_deposit',4290705,'','DEP-USE-2511-0014','2025-11-16 20:06:59.823514','2025-11-16 20:06:59.823520',50,NULL,'2025-06-01 20:06:59.822491');
INSERT INTO inputs VALUES(66,'shop_deposit',6273313,'','DEP-USE-2511-0015','2025-11-16 20:06:59.824947','2025-11-16 20:06:59.824953',50,NULL,'2025-11-06 20:06:59.823954');
INSERT INTO inputs VALUES(67,'client_payment',106659,'',' IN-PAY-2511-0001','2025-11-16 20:06:59.854840','2025-11-16 20:06:59.854846',49,96,'2025-10-26 20:06:59.825359');
INSERT INTO inputs VALUES(68,'shop_deposit',1138351,'','DEP-USE-2511-0016','2025-11-16 20:06:59.856950','2025-11-16 20:06:59.856955',49,NULL,'2025-09-29 20:06:59.855842');
INSERT INTO inputs VALUES(69,'shop_deposit',4741560,'','DEP-USE-2511-0017','2025-11-16 20:06:59.858423','2025-11-16 20:06:59.858428',46,NULL,'2025-09-06 20:06:59.857420');
INSERT INTO inputs VALUES(70,'shop_deposit',1091187,'','DEP-USE-2511-0018','2025-11-16 20:06:59.859918','2025-11-16 20:06:59.859924',48,NULL,'2025-06-08 20:06:59.858855');
INSERT INTO inputs VALUES(71,'shop_deposit',4906315,'','DEP-USE-2511-0019','2025-11-16 20:06:59.861338','2025-11-16 20:06:59.861344',46,NULL,'2025-07-17 20:06:59.860347');
INSERT INTO inputs VALUES(72,'client_payment',83129,'','  -PAY-2511-0001','2025-11-16 20:06:59.897309','2025-11-16 20:06:59.897316',46,65,'2025-06-07 20:06:59.861746');
INSERT INTO inputs VALUES(73,'client_payment',1520815,'','  -PAY-2511-0002','2025-11-16 20:06:59.929749','2025-11-16 20:06:59.929756',48,37,'2025-10-08 20:06:59.899902');
INSERT INTO inputs VALUES(74,'client_payment',8871366,'','LR-PAY-2511-0002','2025-11-16 20:06:59.964307','2025-11-16 20:06:59.964313',49,52,'2025-10-18 20:06:59.934007');
INSERT INTO inputs VALUES(75,'client_payment',7172549,'',' -PAY-2511-0001','2025-11-16 20:06:59.994987','2025-11-16 20:06:59.994993',47,67,'2025-06-04 20:06:59.965166');
INSERT INTO inputs VALUES(76,'client_payment',1446864,'','  P-PAY-2511-0001','2025-11-16 20:07:00.031530','2025-11-16 20:07:00.031537',47,110,'2025-11-04 20:06:59.995908');
INSERT INTO inputs VALUES(77,'client_payment',7341954,'','  -PAY-2511-0003','2025-11-16 20:07:00.060933','2025-11-16 20:07:00.060939',49,94,'2025-07-15 20:07:00.032546');
INSERT INTO inputs VALUES(78,'shop_deposit',691016,'','DEP-USE-2511-0020','2025-11-16 20:07:00.062814','2025-11-16 20:07:00.062820',47,NULL,'2025-07-26 20:07:00.061776');
INSERT INTO inputs VALUES(79,'client_payment',1197442,'','   -PAY-2511-0001','2025-11-16 20:07:00.091797','2025-11-16 20:07:00.091804',50,43,'2025-08-17 20:07:00.063319');
INSERT INTO inputs VALUES(80,'client_payment',187892,'','  -PAY-2511-0004','2025-11-16 20:07:00.123183','2025-11-16 20:07:00.123189',47,24,'2025-09-17 20:07:00.093329');
INSERT INTO inputs VALUES(81,'client_payment',1830393,'','  -PAY-2511-0005','2025-11-16 20:07:00.152524','2025-11-16 20:07:00.152530',50,92,'2025-07-17 20:07:00.124178');
INSERT INTO inputs VALUES(82,'shop_deposit',4758770,'','DEP-USE-2511-0021','2025-11-16 20:07:00.154648','2025-11-16 20:07:00.154654',49,NULL,'2025-08-18 20:07:00.153511');
INSERT INTO inputs VALUES(83,'client_payment',4984077,'','  -PAY-2511-0006','2025-11-16 20:07:00.183679','2025-11-16 20:07:00.183685',48,72,'2025-10-21 20:07:00.155181');
INSERT INTO inputs VALUES(84,'shop_deposit',7184085,'','DEP-USE-2511-0022','2025-11-16 20:07:00.185933','2025-11-16 20:07:00.185940',49,NULL,'2025-10-06 20:07:00.184711');
INSERT INTO inputs VALUES(85,'shop_deposit',2943250,'','DEP-USE-2511-0023','2025-11-16 20:07:00.187662','2025-11-16 20:07:00.187669',50,NULL,'2025-07-21 20:07:00.186528');
INSERT INTO inputs VALUES(86,'shop_deposit',6923972,'','DEP-USE-2511-0024','2025-11-16 20:07:00.189238','2025-11-16 20:07:00.189244',50,NULL,'2025-06-30 20:07:00.188151');
INSERT INTO inputs VALUES(87,'client_payment',973815,'','LR-PAY-2511-0003','2025-11-16 20:07:00.218656','2025-11-16 20:07:00.218663',46,85,'2025-07-13 20:07:00.189744');
INSERT INTO inputs VALUES(88,'shop_deposit',6178731,'','DEP-USE-2511-0025','2025-11-16 20:07:00.221231','2025-11-16 20:07:00.221237',48,NULL,'2025-10-20 20:07:00.220204');
INSERT INTO inputs VALUES(89,'client_payment',887574,'','  -PAY-2511-0007','2025-11-16 20:07:00.250070','2025-11-16 20:07:00.250076',49,70,'2025-09-29 20:07:00.221705');
INSERT INTO inputs VALUES(90,'client_payment',7189486,'','UNK-PAY-2511-0002','2025-11-16 20:07:00.286248','2025-11-16 20:07:00.286255',47,102,'2025-06-28 20:07:00.250984');
INSERT INTO inputs VALUES(91,'client_payment',5162114,'','   -PAY-2511-0002','2025-11-16 20:07:00.316504','2025-11-16 20:07:00.316510',46,78,'2025-07-11 20:07:00.287868');
INSERT INTO inputs VALUES(92,'client_payment',677209,'','LLP-PAY-2511-0001','2025-11-16 20:07:00.346480','2025-11-16 20:07:00.346486',46,55,'2025-08-12 20:07:00.317902');
INSERT INTO inputs VALUES(93,'client_payment',8869798,'','  -PAY-2511-0008','2025-11-16 20:07:00.376984','2025-11-16 20:07:00.376990',48,109,'2025-10-07 20:07:00.347988');
INSERT INTO inputs VALUES(94,'client_payment',7464427,'','CS-PAY-2511-0002','2025-11-16 20:07:00.406261','2025-11-16 20:07:00.406268',47,112,'2025-10-04 20:07:00.377983');
INSERT INTO inputs VALUES(95,'shop_deposit',4874276,'','DEP-USE-2511-0026','2025-11-16 20:07:00.408648','2025-11-16 20:07:00.408654',47,NULL,'2025-10-14 20:07:00.407621');
INSERT INTO inputs VALUES(96,'shop_deposit',3592277,'','DEP-USE-2511-0027','2025-11-16 20:07:00.410108','2025-11-16 20:07:00.410114',46,NULL,'2025-07-26 20:07:00.409107');
INSERT INTO inputs VALUES(97,'client_payment',991332,'','  -PAY-2511-0009','2025-11-16 20:07:00.439597','2025-11-16 20:07:00.439603',50,92,'2025-10-16 20:07:00.410582');
INSERT INTO inputs VALUES(98,'client_payment',1976564,'','GDM-PAY-2511-0001','2025-11-16 20:07:00.469176','2025-11-16 20:07:00.469182',46,63,'2025-08-16 20:07:00.440609');
INSERT INTO inputs VALUES(99,'client_payment',5750510,'','  A-PAY-2511-0001','2025-11-16 20:07:00.498664','2025-11-16 20:07:00.498671',50,100,'2025-07-06 20:07:00.470083');
INSERT INTO inputs VALUES(100,'shop_deposit',3518357,'','DEP-USE-2511-0028','2025-11-16 20:07:00.500786','2025-11-16 20:07:00.500792',48,NULL,'2025-10-07 20:07:00.499666');
INSERT INTO inputs VALUES(101,'client_payment',8098757,'',' GR-PAY-2511-0001','2025-11-16 20:07:00.529397','2025-11-16 20:07:00.529403',49,122,'2025-07-07 20:07:00.501366');
INSERT INTO inputs VALUES(102,'client_payment',5183175,'','   -PAY-2511-0003','2025-11-16 20:07:00.559988','2025-11-16 20:07:00.559994',47,42,'2025-05-24 20:07:00.530710');
INSERT INTO inputs VALUES(103,'shop_deposit',4336226,'','DEP-USE-2511-0029','2025-11-16 20:07:00.562623','2025-11-16 20:07:00.562629',50,NULL,'2025-06-11 20:07:00.561519');
INSERT INTO inputs VALUES(104,'shop_deposit',9495883,'','DEP-USE-2511-0030','2025-11-16 20:07:00.564158','2025-11-16 20:07:00.564164',49,NULL,'2025-05-23 20:07:00.563124');
INSERT INTO inputs VALUES(105,'client_payment',898898,'','CS-PAY-2511-0003','2025-11-16 20:07:00.593125','2025-11-16 20:07:00.593132',47,25,'2025-08-21 20:07:00.564636');
INSERT INTO inputs VALUES(106,'client_payment',821596,'','LR-PAY-2511-0004','2025-11-16 20:07:00.623662','2025-11-16 20:07:00.623668',48,52,'2025-06-19 20:07:00.593969');
INSERT INTO inputs VALUES(107,'shop_deposit',5087340,'','DEP-USE-2511-0031','2025-11-16 20:07:00.626122','2025-11-16 20:07:00.626128',46,NULL,'2025-06-13 20:07:00.625090');
INSERT INTO inputs VALUES(108,'shop_deposit',390849,'','DEP-USE-2511-0032','2025-11-16 20:07:00.627561','2025-11-16 20:07:00.627567',46,NULL,'2025-07-11 20:07:00.626585');
INSERT INTO inputs VALUES(109,'client_payment',7634873,'','GDM-PAY-2511-0002','2025-11-16 20:07:00.658154','2025-11-16 20:07:00.658162',46,63,'2025-06-12 20:07:00.627991');
INSERT INTO inputs VALUES(110,'client_payment',4224029,'',' -PAY-2511-0002','2025-11-16 20:07:00.691482','2025-11-16 20:07:00.691488',50,53,'2025-07-16 20:07:00.660147');
INSERT INTO inputs VALUES(111,'shop_deposit',6232035,'','DEP-USE-2511-0033','2025-11-16 20:07:00.693496','2025-11-16 20:07:00.693502',46,NULL,'2025-08-06 20:07:00.692463');
INSERT INTO inputs VALUES(112,'shop_deposit',2826793,'','DEP-USE-2511-0034','2025-11-16 20:07:00.694971','2025-11-16 20:07:00.694977',49,NULL,'2025-09-25 20:07:00.693971');
INSERT INTO inputs VALUES(113,'client_payment',1976380,'',' -PAY-2511-0003','2025-11-16 20:07:00.724465','2025-11-16 20:07:00.724472',49,29,'2025-09-28 20:07:00.695424');
INSERT INTO inputs VALUES(114,'client_payment',5803958,'','AB-PAY-2511-0001','2025-11-16 20:07:00.755058','2025-11-16 20:07:00.755064',46,87,'2025-11-01 20:07:00.726012');
INSERT INTO inputs VALUES(115,'client_payment',4336028,'','TLS-PAY-2511-0001','2025-11-16 20:07:00.785639','2025-11-16 20:07:00.785646',48,93,'2025-07-12 20:07:00.756536');
INSERT INTO inputs VALUES(116,'shop_deposit',8173027,'','DEP-USE-2511-0035','2025-11-16 20:07:00.788440','2025-11-16 20:07:00.788446',48,NULL,'2025-07-05 20:07:00.787269');
INSERT INTO inputs VALUES(117,'client_payment',2067591,'','MG-PAY-2511-0001','2025-11-16 20:07:00.816846','2025-11-16 20:07:00.816852',49,79,'2025-06-13 20:07:00.789037');
INSERT INTO inputs VALUES(118,'client_payment',1263592,'','  -PAY-2511-0010','2025-11-16 20:07:00.847012','2025-11-16 20:07:00.847018',50,59,'2025-11-16 20:07:00.818231');
INSERT INTO inputs VALUES(119,'shop_deposit',3731561,'','DEP-USE-2511-0036','2025-11-16 20:07:00.849279','2025-11-16 20:07:00.849285',49,NULL,'2025-06-12 20:07:00.848211');
INSERT INTO inputs VALUES(120,'shop_deposit',282111,'','DEP-USE-2511-0037','2025-11-16 20:07:00.850757','2025-11-16 20:07:00.850763',50,NULL,'2025-10-17 20:07:00.849757');
INSERT INTO inputs VALUES(121,'shop_deposit',9130018,'','DEP-USE-2511-0038','2025-11-16 20:07:00.852311','2025-11-16 20:07:00.852317',46,NULL,'2025-08-12 20:07:00.851203');
INSERT INTO inputs VALUES(122,'client_payment',53268,'','  A-PAY-2511-0002','2025-11-16 20:07:00.881979','2025-11-16 20:07:00.881985',48,100,'2025-07-18 20:07:00.852808');
INSERT INTO inputs VALUES(123,'client_payment',6624486,'','   -PAY-2511-0004','2025-11-16 20:07:00.912265','2025-11-16 20:07:00.912272',48,81,'2025-07-14 20:07:00.883437');
INSERT INTO inputs VALUES(124,'client_payment',7367514,'','FS-PAY-2511-0001','2025-11-16 20:07:00.941978','2025-11-16 20:07:00.941984',49,64,'2025-09-19 20:07:00.913183');
INSERT INTO inputs VALUES(125,'shop_deposit',9850969,'','DEP-USE-2511-0039','2025-11-16 20:07:00.944508','2025-11-16 20:07:00.944514',49,NULL,'2025-07-06 20:07:00.943436');
INSERT INTO inputs VALUES(126,'client_payment',1899508,'','  -PAY-2511-0011','2025-11-16 20:07:00.973636','2025-11-16 20:07:00.973643',48,40,'2025-05-25 20:07:00.945036');
INSERT INTO inputs VALUES(127,'client_payment',2084074,'','RAM-PAY-2511-0001','2025-11-16 20:07:01.004136','2025-11-16 20:07:01.004143',47,115,'2025-05-30 20:07:00.975235');
INSERT INTO inputs VALUES(128,'client_payment',8190634,'',' IN-PAY-2511-0002','2025-11-16 20:07:01.033931','2025-11-16 20:07:01.033938',46,45,'2025-10-01 20:07:01.005606');
INSERT INTO inputs VALUES(129,'client_payment',315664,'','   -PAY-2511-0005','2025-11-16 20:07:01.063525','2025-11-16 20:07:01.063531',49,48,'2025-05-20 20:07:01.034892');
INSERT INTO inputs VALUES(130,'shop_deposit',5357575,'','DEP-USE-2511-0040','2025-11-16 20:07:01.065493','2025-11-16 20:07:01.065499',49,NULL,'2025-10-29 20:07:01.064471');
INSERT INTO inputs VALUES(131,'client_payment',5797257,'','UNK-PAY-2511-0003','2025-11-16 20:07:01.095440','2025-11-16 20:07:01.095446',49,61,'2025-05-30 20:07:01.065967');
INSERT INTO inputs VALUES(132,'shop_deposit',5586204,'','DEP-USE-2511-0041','2025-11-16 20:07:01.098031','2025-11-16 20:07:01.098038',50,NULL,'2025-11-03 20:07:01.096916');
INSERT INTO inputs VALUES(133,'client_payment',4021145,'','  -PAY-2511-0012','2025-11-16 20:07:01.126707','2025-11-16 20:07:01.126713',50,91,'2025-10-19 20:07:01.098511');
INSERT INTO inputs VALUES(134,'client_payment',1220031,'','TLS-PAY-2511-0002','2025-11-16 20:07:01.156696','2025-11-16 20:07:01.156702',47,23,'2025-09-12 20:07:01.128117');
INSERT INTO inputs VALUES(135,'shop_deposit',1663765,'','DEP-USE-2511-0042','2025-11-16 20:07:01.158584','2025-11-16 20:07:01.158590',47,NULL,'2025-08-16 20:07:01.157558');
INSERT INTO inputs VALUES(136,'shop_deposit',7360621,'','DEP-USE-2511-0043','2025-11-16 20:07:01.160058','2025-11-16 20:07:01.160064',46,NULL,'2025-09-08 20:07:01.159071');
INSERT INTO inputs VALUES(137,'client_payment',1446652,'','  -PAY-2511-0013','2025-11-16 20:07:01.189896','2025-11-16 20:07:01.189902',48,56,'2025-09-20 20:07:01.160496');
INSERT INTO inputs VALUES(138,'shop_deposit',2995933,'','DEP-USE-2511-0044','2025-11-16 20:07:01.191841','2025-11-16 20:07:01.191847',46,NULL,'2025-06-11 20:07:01.190802');
INSERT INTO inputs VALUES(139,'client_payment',796590,'','  -PAY-2511-0014','2025-11-16 20:07:01.220686','2025-11-16 20:07:01.220692',49,75,'2025-11-07 20:07:01.192286');
INSERT INTO inputs VALUES(140,'shop_deposit',4753769,'','DEP-USE-2511-0045','2025-11-16 20:07:01.222565','2025-11-16 20:07:01.222571',48,NULL,'2025-08-03 20:07:01.221581');
INSERT INTO inputs VALUES(141,'shop_deposit',9703358,'','DEP-USE-2511-0046','2025-11-16 20:07:01.223976','2025-11-16 20:07:01.223982',50,NULL,'2025-10-14 20:07:01.222997');
INSERT INTO inputs VALUES(142,'shop_deposit',6376590,'','DEP-USE-2511-0047','2025-11-16 20:07:01.225360','2025-11-16 20:07:01.225366',49,NULL,'2025-09-28 20:07:01.224391');
INSERT INTO inputs VALUES(143,'shop_deposit',428372,'','DEP-USE-2511-0048','2025-11-16 20:07:01.226738','2025-11-16 20:07:01.226743',50,NULL,'2025-09-08 20:07:01.225764');
INSERT INTO inputs VALUES(144,'shop_deposit',7037403,'','DEP-USE-2511-0049','2025-11-16 20:07:01.228274','2025-11-16 20:07:01.228280',48,NULL,'2025-09-25 20:07:01.227219');
INSERT INTO inputs VALUES(145,'client_payment',2835352,'',' -PAY-2511-0004','2025-11-16 20:07:01.257155','2025-11-16 20:07:01.257162',49,66,'2025-05-23 20:07:01.228715');
INSERT INTO inputs VALUES(146,'client_payment',5317693,'','   -PAY-2511-0006','2025-11-16 20:07:01.286113','2025-11-16 20:07:01.286120',49,74,'2025-08-05 20:07:01.257995');
INSERT INTO inputs VALUES(147,'client_payment',1161645,'','AB-PAY-2511-0002','2025-11-16 20:07:01.315076','2025-11-16 20:07:01.315082',50,54,'2025-10-29 20:07:01.287541');
INSERT INTO inputs VALUES(148,'client_payment',5125515,'',' IN-PAY-2511-0003','2025-11-16 20:07:01.343701','2025-11-16 20:07:01.343707',46,96,'2025-11-12 20:07:01.315889');
INSERT INTO inputs VALUES(149,'client_payment',4706807,'',' IN-PAY-2511-0004','2025-11-16 20:07:01.374792','2025-11-16 20:07:01.374799',47,44,'2025-06-14 20:07:01.345109');
INSERT INTO inputs VALUES(150,'client_payment',2050085,'','  -PAY-2511-0015','2025-11-16 20:07:01.404918','2025-11-16 20:07:01.404924',46,107,'2025-06-07 20:07:01.376211');
INSERT INTO inputs VALUES(151,'client_payment',6460909,'','MOU-PAY-2511-0001','2025-11-16 20:07:01.434454','2025-11-16 20:07:01.434461',46,26,'2025-06-01 20:07:01.405869');
INSERT INTO inputs VALUES(152,'shop_deposit',877830,'','DEP-USE-2511-0050','2025-11-16 20:07:01.436536','2025-11-16 20:07:01.436542',46,NULL,'2025-08-31 20:07:01.435425');
INSERT INTO inputs VALUES(153,'shop_deposit',2835463,'','DEP-USE-2511-0051','2025-11-16 20:07:01.438022','2025-11-16 20:07:01.438028',47,NULL,'2025-08-04 20:07:01.437004');
INSERT INTO inputs VALUES(154,'shop_deposit',403208,'','DEP-USE-2511-0052','2025-11-16 20:07:01.439434','2025-11-16 20:07:01.439440',49,NULL,'2025-09-06 20:07:01.438443');
INSERT INTO inputs VALUES(155,'shop_deposit',1050589,'','DEP-USE-2511-0053','2025-11-16 20:07:01.440838','2025-11-16 20:07:01.440844',50,NULL,'2025-07-29 20:07:01.439855');
INSERT INTO inputs VALUES(156,'client_payment',1007512,'',' IN-PAY-2511-0005','2025-11-16 20:07:01.469508','2025-11-16 20:07:01.469514',48,45,'2025-09-21 20:07:01.441246');
INSERT INTO inputs VALUES(157,'shop_deposit',2613444,'','DEP-USE-2511-0054','2025-11-16 20:07:01.471339','2025-11-16 20:07:01.471345',50,NULL,'2025-07-18 20:07:01.470294');
INSERT INTO inputs VALUES(158,'shop_deposit',4479876,'','DEP-USE-2511-0055','2025-11-16 20:07:01.472784','2025-11-16 20:07:01.472790',48,NULL,'2025-11-01 20:07:01.471786');
INSERT INTO inputs VALUES(159,'shop_deposit',3537587,'','DEP-USE-2511-0056','2025-11-16 20:07:01.474171','2025-11-16 20:07:01.474177',50,NULL,'2025-08-29 20:07:01.473197');
INSERT INTO inputs VALUES(160,'client_payment',776905,'','LLP-PAY-2511-0002','2025-11-16 20:07:01.502904','2025-11-16 20:07:01.502911',50,47,'2025-08-07 20:07:01.474581');
INSERT INTO inputs VALUES(161,'client_payment',7949779,'','  -PAY-2511-0016','2025-11-16 20:07:01.532206','2025-11-16 20:07:01.532212',47,34,'2025-08-09 20:07:01.504348');
INSERT INTO inputs VALUES(162,'client_payment',7782436,'','LEG-PAY-2511-0001','2025-11-16 20:07:01.561592','2025-11-16 20:07:01.561599',49,83,'2025-09-23 20:07:01.533568');
INSERT INTO inputs VALUES(163,'client_payment',5038835,'','   -PAY-2511-0007','2025-11-16 20:07:01.590380','2025-11-16 20:07:01.590386',49,104,'2025-08-06 20:07:01.562424');
INSERT INTO inputs VALUES(164,'shop_deposit',2340271,'','DEP-USE-2511-0057','2025-11-16 20:07:01.592409','2025-11-16 20:07:01.592415',46,NULL,'2025-10-25 20:07:01.591302');
INSERT INTO inputs VALUES(165,'client_payment',2484199,'','TLS-PAY-2511-0003','2025-11-16 20:07:01.621071','2025-11-16 20:07:01.621078',48,120,'2025-07-06 20:07:01.592887');
INSERT INTO inputs VALUES(166,'client_payment',671688,'','  -PAY-2511-0017','2025-11-16 20:07:01.650371','2025-11-16 20:07:01.650382',49,49,'2025-07-16 20:07:01.622436');
INSERT INTO inputs VALUES(167,'shop_deposit',5878889,'','DEP-USE-2511-0058','2025-11-16 20:07:01.652993','2025-11-16 20:07:01.652999',48,NULL,'2025-08-10 20:07:01.651767');
INSERT INTO inputs VALUES(168,'client_payment',428068,'',' -PAY-2511-0005','2025-11-16 20:07:01.681942','2025-11-16 20:07:01.681948',48,67,'2025-06-22 20:07:01.653546');
INSERT INTO inputs VALUES(169,'shop_deposit',151963,'','DEP-USE-2511-0059','2025-11-16 20:07:01.684293','2025-11-16 20:07:01.684299',46,NULL,'2025-10-11 20:07:01.683289');
INSERT INTO inputs VALUES(170,'client_payment',6915102,'','  -PAY-2511-0018','2025-11-16 20:07:01.712766','2025-11-16 20:07:01.712772',49,75,'2025-10-08 20:07:01.684734');
INSERT INTO inputs VALUES(171,'shop_deposit',3778184,'','DEP-USE-2511-0060','2025-11-16 20:07:01.714611','2025-11-16 20:07:01.714617',46,NULL,'2025-08-21 20:07:01.713622');
INSERT INTO inputs VALUES(172,'shop_deposit',364283,'','DEP-USE-2511-0061','2025-11-16 20:07:01.716134','2025-11-16 20:07:01.716140',48,NULL,'2025-08-25 20:07:01.715151');
INSERT INTO inputs VALUES(173,'client_payment',5384867,'','  -PAY-2511-0019','2025-11-16 20:07:01.744654','2025-11-16 20:07:01.744660',48,116,'2025-06-13 20:07:01.716561');
INSERT INTO inputs VALUES(174,'client_payment',4553004,'','   -PAY-2511-0008','2025-11-16 20:07:01.774388','2025-11-16 20:07:01.774395',46,121,'2025-08-07 20:07:01.746097');
INSERT INTO inputs VALUES(175,'shop_deposit',7628647,'','DEP-USE-2511-0062','2025-11-16 20:07:01.776893','2025-11-16 20:07:01.776899',47,NULL,'2025-06-25 20:07:01.775836');
INSERT INTO inputs VALUES(176,'client_payment',3124675,'','  -PAY-2511-0020','2025-11-16 20:07:01.805402','2025-11-16 20:07:01.805407',50,62,'2025-07-26 20:07:01.777376');
INSERT INTO inputs VALUES(177,'client_payment',1506883,'','  -PAY-2511-0021','2025-11-16 20:07:01.834580','2025-11-16 20:07:01.834587',47,65,'2025-07-03 20:07:01.806734');
INSERT INTO inputs VALUES(178,'shop_deposit',1654349,'','DEP-USE-2511-0063','2025-11-16 20:07:01.837046','2025-11-16 20:07:01.837053',47,NULL,'2025-11-09 20:07:01.836019');
INSERT INTO inputs VALUES(179,'client_payment',6762817,'','MS-PAY-2511-0001','2025-11-16 20:07:01.865652','2025-11-16 20:07:01.865658',50,27,'2025-08-10 20:07:01.837518');
INSERT INTO inputs VALUES(180,'shop_deposit',8948261,'','DEP-USE-2511-0064','2025-11-16 20:07:01.868063','2025-11-16 20:07:01.868069',47,NULL,'2025-07-25 20:07:01.867020');
INSERT INTO inputs VALUES(181,'shop_deposit',8534849,'','DEP-USE-2511-0065','2025-11-16 20:07:01.869693','2025-11-16 20:07:01.869699',46,NULL,'2025-10-08 20:07:01.868610');
INSERT INTO inputs VALUES(182,'client_payment',1656111,'','AB-PAY-2511-0003','2025-11-16 20:07:01.898210','2025-11-16 20:07:01.898217',50,54,'2025-10-02 20:07:01.870249');
INSERT INTO inputs VALUES(183,'shop_deposit',9274580,'','DEP-USE-2511-0066','2025-11-16 20:07:01.900060','2025-11-16 20:07:01.900066',48,NULL,'2025-09-06 20:07:01.899042');
INSERT INTO inputs VALUES(184,'client_payment',1915719,'','TLS-PAY-2511-0004','2025-11-16 20:07:01.928578','2025-11-16 20:07:01.928584',46,23,'2025-07-09 20:07:01.900541');
INSERT INTO inputs VALUES(185,'client_payment',3776939,'','MOU-PAY-2511-0002','2025-11-16 20:07:01.957538','2025-11-16 20:07:01.957544',50,46,'2025-09-09 20:07:01.929421');
INSERT INTO inputs VALUES(186,'shop_deposit',969945,'','DEP-USE-2511-0067','2025-11-16 20:07:01.959976','2025-11-16 20:07:01.959982',49,NULL,'2025-10-06 20:07:01.958936');
INSERT INTO inputs VALUES(187,'shop_deposit',5499526,'','DEP-USE-2511-0068','2025-11-16 20:07:01.961530','2025-11-16 20:07:01.961536',49,NULL,'2025-11-02 20:07:01.960470');
INSERT INTO inputs VALUES(188,'shop_deposit',3362005,'','DEP-USE-2511-0069','2025-11-16 20:07:01.962996','2025-11-16 20:07:01.963002',49,NULL,'2025-09-01 20:07:01.961984');
INSERT INTO inputs VALUES(189,'client_payment',9748810,'','  -PAY-2511-0022','2025-11-16 20:07:01.992212','2025-11-16 20:07:01.992218',50,41,'2025-09-20 20:07:01.963418');
INSERT INTO inputs VALUES(190,'shop_deposit',550230,'','DEP-USE-2511-0070','2025-11-16 20:07:01.994104','2025-11-16 20:07:01.994110',47,NULL,'2025-06-11 20:07:01.993083');
INSERT INTO inputs VALUES(191,'client_payment',7297445,'','MS-PAY-2511-0002','2025-11-16 20:07:02.023222','2025-11-16 20:07:02.023229',47,50,'2025-10-20 20:07:01.994576');
INSERT INTO inputs VALUES(192,'client_payment',5071479,'','   -PAY-2511-0009','2025-11-16 20:07:02.052749','2025-11-16 20:07:02.052755',48,108,'2025-06-16 20:07:02.024721');
INSERT INTO inputs VALUES(193,'client_payment',9523749,'','  -PAY-2511-0023','2025-11-16 20:07:02.082144','2025-11-16 20:07:02.082150',47,97,'2025-07-09 20:07:02.054136');
INSERT INTO inputs VALUES(194,'client_payment',2971631,'','   -PAY-2511-0010','2025-11-16 20:07:02.111678','2025-11-16 20:07:02.111685',48,69,'2025-09-17 20:07:02.083506');
INSERT INTO inputs VALUES(195,'shop_deposit',5453199,'','DEP-USE-2511-0071','2025-11-16 20:07:02.113604','2025-11-16 20:07:02.113611',50,NULL,'2025-09-21 20:07:02.112568');
INSERT INTO inputs VALUES(196,'shop_deposit',1674281,'','DEP-USE-2511-0072','2025-11-16 20:07:02.115052','2025-11-16 20:07:02.115058',49,NULL,'2025-09-22 20:07:02.114069');
INSERT INTO inputs VALUES(197,'client_payment',21599,'','  -PAY-2511-0024','2025-11-16 20:07:02.143798','2025-11-16 20:07:02.143805',50,109,'2025-11-05 20:07:02.115479');
INSERT INTO inputs VALUES(198,'shop_deposit',6507944,'','DEP-USE-2511-0073','2025-11-16 20:07:02.146177','2025-11-16 20:07:02.146183',47,NULL,'2025-08-25 20:07:02.145188');
INSERT INTO inputs VALUES(199,'shop_deposit',6891301,'','DEP-USE-2511-0074','2025-11-16 20:07:02.147630','2025-11-16 20:07:02.147636',49,NULL,'2025-10-05 20:07:02.146622');
INSERT INTO inputs VALUES(200,'shop_deposit',1734070,'','DEP-USE-2511-0075','2025-11-16 20:07:02.149054','2025-11-16 20:07:02.149060',48,NULL,'2025-06-08 20:07:02.148072');
INSERT INTO inputs VALUES(201,'client_payment',1763167,'','LR-PAY-2511-0005','2025-11-16 20:07:02.177778','2025-11-16 20:07:02.177784',50,98,'2025-05-30 20:07:02.149478');
INSERT INTO inputs VALUES(202,'client_payment',3251008,'','  -PAY-2511-0025','2025-11-16 20:07:02.207267','2025-11-16 20:07:02.207274',50,119,'2025-10-28 20:07:02.179178');
INSERT INTO inputs VALUES(203,'shop_deposit',2179981,'','DEP-USE-2511-0076','2025-11-16 20:07:02.209092','2025-11-16 20:07:02.209098',46,NULL,'2025-11-10 20:07:02.208087');
INSERT INTO inputs VALUES(204,'shop_deposit',7511853,'','DEP-USE-2511-0077','2025-11-16 20:07:02.210510','2025-11-16 20:07:02.210516',50,NULL,'2025-10-12 20:07:02.209528');
INSERT INTO inputs VALUES(205,'shop_deposit',1966300,'','DEP-USE-2511-0078','2025-11-16 20:07:02.211945','2025-11-16 20:07:02.211950',47,NULL,'2025-08-31 20:07:02.210925');
INSERT INTO inputs VALUES(206,'client_payment',1729581,'','  -PAY-2511-0026','2025-11-16 20:07:02.240785','2025-11-16 20:07:02.240791',50,103,'2025-09-18 20:07:02.212391');
INSERT INTO inputs VALUES(207,'shop_deposit',9793857,'','DEP-USE-2511-0079','2025-11-16 20:07:02.242669','2025-11-16 20:07:02.242675',47,NULL,'2025-11-09 20:07:02.241634');
INSERT INTO inputs VALUES(208,'client_payment',1704396,'','  -PAY-2511-0027','2025-11-16 20:07:02.271156','2025-11-16 20:07:02.271162',48,105,'2025-07-11 20:07:02.243146');
INSERT INTO inputs VALUES(209,'shop_deposit',2090931,'','DEP-USE-2511-0080','2025-11-16 20:07:02.273644','2025-11-16 20:07:02.273650',46,NULL,'2025-06-01 20:07:02.272520');
INSERT INTO inputs VALUES(210,'client_payment',2302715,'','   -PAY-2511-0011','2025-11-16 20:07:02.302107','2025-11-16 20:07:02.302113',50,58,'2025-09-15 20:07:02.274162');
INSERT INTO inputs VALUES(211,'client_payment',1300619,'','LEG-PAY-2511-0002','2025-11-16 20:07:02.331145','2025-11-16 20:07:02.331151',50,83,'2025-08-22 20:07:02.303512');
INSERT INTO inputs VALUES(212,'shop_deposit',6623346,'','DEP-USE-2511-0081','2025-11-16 20:07:02.333502','2025-11-16 20:07:02.333508',46,NULL,'2025-06-23 20:07:02.332495');
INSERT INTO inputs VALUES(213,'shop_deposit',6543966,'','DEP-USE-2511-0082','2025-11-16 20:07:02.335028','2025-11-16 20:07:02.335034',49,NULL,'2025-09-07 20:07:02.334036');
INSERT INTO inputs VALUES(214,'client_payment',4113363,'','   -PAY-2511-0012','2025-11-16 20:07:02.365024','2025-11-16 20:07:02.365031',49,77,'2025-11-13 20:07:02.335543');
INSERT INTO inputs VALUES(215,'shop_deposit',1434659,'','DEP-USE-2511-0083','2025-11-16 20:07:02.367086','2025-11-16 20:07:02.367092',48,NULL,'2025-06-19 20:07:02.366016');
INSERT INTO inputs VALUES(216,'shop_deposit',3371750,'','DEP-USE-2511-0084','2025-11-16 20:07:02.368857','2025-11-16 20:07:02.368864',49,NULL,'2025-10-27 20:07:02.367681');
INSERT INTO inputs VALUES(217,'client_payment',3148078,'','CS-PAY-2511-0004','2025-11-16 20:07:02.399602','2025-11-16 20:07:02.399608',50,95,'2025-07-06 20:07:02.369500');
INSERT INTO inputs VALUES(218,'client_payment',5482029,'','  -PAY-2511-0028','2025-11-16 20:07:02.430140','2025-11-16 20:07:02.430147',47,39,'2025-09-11 20:07:02.400611');
INSERT INTO inputs VALUES(219,'shop_deposit',8172441,'','DEP-USE-2511-0085','2025-11-16 20:07:02.432233','2025-11-16 20:07:02.432239',46,NULL,'2025-07-20 20:07:02.431113');
INSERT INTO inputs VALUES(220,'shop_deposit',5668333,'','DEP-USE-2511-0086','2025-11-16 20:07:02.433771','2025-11-16 20:07:02.433776',50,NULL,'2025-05-29 20:07:02.432743');
INSERT INTO inputs VALUES(221,'client_payment',5890924,'','  -PAY-2511-0029','2025-11-16 20:07:02.462754','2025-11-16 20:07:02.462760',50,101,'2025-07-06 20:07:02.434197');
INSERT INTO inputs VALUES(222,'client_payment',2866972,'','  -PAY-2511-0030','2025-11-16 20:07:02.491764','2025-11-16 20:07:02.491770',46,90,'2025-08-15 20:07:02.463622');
INSERT INTO inputs VALUES(223,'client_payment',1425254,'','  -PAY-2511-0031','2025-11-16 20:07:02.520817','2025-11-16 20:07:02.520823',48,107,'2025-11-10 20:07:02.492611');
INSERT INTO inputs VALUES(224,'client_payment',3051686,'','CS-PAY-2511-0005','2025-11-16 20:07:02.550733','2025-11-16 20:07:02.550739',50,95,'2025-07-12 20:07:02.522112');
INSERT INTO inputs VALUES(225,'shop_deposit',7447587,'','DEP-USE-2511-0087','2025-11-16 20:07:02.553223','2025-11-16 20:07:02.553229',47,NULL,'2025-07-23 20:07:02.552206');
INSERT INTO inputs VALUES(226,'shop_deposit',4803136,'','DEP-USE-2511-0088','2025-11-16 20:07:02.554721','2025-11-16 20:07:02.554727',47,NULL,'2025-06-28 20:07:02.553689');
INSERT INTO inputs VALUES(227,'shop_deposit',76263,'','DEP-USE-2511-0089','2025-11-16 20:07:02.556147','2025-11-16 20:07:02.556152',50,NULL,'2025-09-20 20:07:02.555164');
INSERT INTO inputs VALUES(228,'shop_deposit',7408894,'','DEP-USE-2511-0090','2025-11-16 20:07:02.557551','2025-11-16 20:07:02.557557',47,NULL,'2025-08-06 20:07:02.556577');
INSERT INTO inputs VALUES(229,'client_payment',4915401,'','JG-PAY-2511-0001','2025-11-16 20:07:02.586069','2025-11-16 20:07:02.586075',47,76,'2025-09-21 20:07:02.557971');
INSERT INTO inputs VALUES(230,'shop_deposit',5378183,'','DEP-USE-2511-0091','2025-11-16 20:07:02.588370','2025-11-16 20:07:02.588376',47,NULL,'2025-08-11 20:07:02.587375');
INSERT INTO inputs VALUES(231,'shop_deposit',8344506,'','DEP-USE-2511-0092','2025-11-16 20:07:02.589812','2025-11-16 20:07:02.589818',49,NULL,'2025-08-28 20:07:02.588816');
INSERT INTO inputs VALUES(232,'shop_deposit',7963225,'','DEP-USE-2511-0093','2025-11-16 20:07:02.591237','2025-11-16 20:07:02.591243',49,NULL,'2025-10-01 20:07:02.590241');
INSERT INTO inputs VALUES(233,'client_payment',4378301,'','  -PAY-2511-0032','2025-11-16 20:07:02.619480','2025-11-16 20:07:02.619485',48,114,'2025-08-25 20:07:02.591634');
INSERT INTO inputs VALUES(234,'client_payment',619971,'','ML-PAY-2511-0001','2025-11-16 20:07:02.647927','2025-11-16 20:07:02.647933',50,113,'2025-09-29 20:07:02.620233');
INSERT INTO inputs VALUES(235,'shop_deposit',5525916,'','DEP-USE-2511-0094','2025-11-16 20:07:02.650500','2025-11-16 20:07:02.650506',47,NULL,'2025-06-07 20:07:02.649403');
INSERT INTO inputs VALUES(236,'shop_deposit',2872948,'','DEP-USE-2511-0095','2025-11-16 20:07:02.651974','2025-11-16 20:07:02.651980',46,NULL,'2025-09-20 20:07:02.650964');
INSERT INTO inputs VALUES(237,'client_payment',379477,'','  -PAY-2511-0033','2025-11-16 20:07:02.680899','2025-11-16 20:07:02.680905',47,56,'2025-11-12 20:07:02.652443');
INSERT INTO inputs VALUES(238,'client_payment',6541602,'','   -PAY-2511-0013','2025-11-16 20:07:02.709930','2025-11-16 20:07:02.709937',46,106,'2025-10-28 20:07:02.681747');
INSERT INTO inputs VALUES(239,'shop_deposit',7970896,'','DEP-USE-2511-0096','2025-11-16 20:07:02.712271','2025-11-16 20:07:02.712277',48,NULL,'2025-05-28 20:07:02.711252');
INSERT INTO inputs VALUES(240,'shop_deposit',2281272,'','DEP-USE-2511-0097','2025-11-16 20:07:02.713729','2025-11-16 20:07:02.713735',47,NULL,'2025-11-07 20:07:02.712743');
INSERT INTO inputs VALUES(241,'shop_deposit',1204239,'','DEP-USE-2511-0098','2025-11-16 20:07:02.715173','2025-11-16 20:07:02.715179',47,NULL,'2025-08-03 20:07:02.714203');
INSERT INTO inputs VALUES(242,'client_payment',3997695,'','  -PAY-2511-0034','2025-11-16 20:07:02.743285','2025-11-16 20:07:02.743291',49,24,'2025-07-09 20:07:02.715601');
INSERT INTO inputs VALUES(243,'shop_deposit',6510957,'','DEP-USE-2511-0099','2025-11-16 20:07:02.745607','2025-11-16 20:07:02.745613',48,NULL,'2025-09-23 20:07:02.744624');
INSERT INTO inputs VALUES(244,'shop_deposit',475849,'','DEP-USE-2511-0100','2025-11-16 20:07:02.747027','2025-11-16 20:07:02.747033',49,NULL,'2025-08-21 20:07:02.746069');
INSERT INTO inputs VALUES(245,'client_payment',3147356,'','  -PAY-2511-0035','2025-11-16 20:07:02.775185','2025-11-16 20:07:02.775191',46,59,'2025-08-01 20:07:02.747452');
INSERT INTO inputs VALUES(246,'client_payment',1310632,'','  -PAY-2511-0036','2025-11-16 20:07:02.803760','2025-11-16 20:07:02.803766',48,39,'2025-10-03 20:07:02.775996');
INSERT INTO inputs VALUES(247,'client_payment',3955984,'','CS-PAY-2511-0006','2025-11-16 20:07:02.832675','2025-11-16 20:07:02.832682',50,25,'2025-08-11 20:07:02.805154');
INSERT INTO inputs VALUES(248,'client_payment',6968267,'','AB-PAY-2511-0004','2025-11-16 20:07:02.860933','2025-11-16 20:07:02.860939',49,60,'2025-07-26 20:07:02.833426');
INSERT INTO inputs VALUES(249,'shop_deposit',555,'gg','DEP-XTR-2511-0001','2025-11-24 22:50:16.186527','2025-11-24 22:51:23.239797',1,NULL,'2025-11-24 22:50:16.183980');
INSERT INTO inputs VALUES(250,'shop_deposit',7777999,'','DEP-XTR-2511-0002','2025-11-24 23:10:30.777785','2025-11-24 23:10:30.777792',1,NULL,'2025-11-24 23:10:30.775981');
CREATE TABLE IF NOT EXISTS "order_outputs" ("id" integer NOT NULL PRIMARY KEY AUTOINCREMENT, "created_at" datetime NOT NULL, "updated_at" datetime NOT NULL, "order_id" bigint NOT NULL REFERENCES "orders" ("id") DEFERRABLE INITIALLY DEFERRED, "amount" decimal NOT NULL, "description" text NOT NULL, "type" varchar(30) NOT NULL, "created_by_output_id" bigint NULL REFERENCES "outputs" ("id") DEFERRABLE INITIALLY DEFERRED, "created_by_stock_movement_id" bigint NULL REFERENCES "stock_movements" ("id") DEFERRABLE INITIALLY DEFERRED);
CREATE TABLE IF NOT EXISTS "outputs" ("id" integer NOT NULL PRIMARY KEY AUTOINCREMENT, "type" varchar(30) NOT NULL, "description" text NOT NULL, "reference" varchar(50) NOT NULL, "date" datetime NOT NULL, "created_at" datetime NOT NULL, "updated_at" datetime NOT NULL, "created_by_id" bigint NOT NULL REFERENCES "users" ("id") DEFERRABLE INITIALLY DEFERRED, "order_id" bigint NULL REFERENCES "orders" ("id") DEFERRABLE INITIALLY DEFERRED, "source_input_id" bigint NOT NULL REFERENCES "inputs" ("id") DEFERRABLE INITIALLY DEFERRED, "supplier_id" bigint NULL REFERENCES "suppliers" ("id") DEFERRABLE INITIALLY DEFERRED, "product_id" bigint NULL REFERENCES "products" ("id") DEFERRABLE INITIALLY DEFERRED, "amount" decimal NOT NULL);
INSERT INTO outputs VALUES(18,'consumable','','CONS-2511-0001','2025-07-22 20:07:02.861939','2025-11-16 20:07:02.863825','2025-11-16 20:07:02.863831',49,NULL,52,NULL,NULL,201359);
INSERT INTO outputs VALUES(19,'withdrawal','','WD-USE-2511-0001','2025-06-02 20:07:02.864543','2025-11-16 20:07:02.865930','2025-11-16 20:07:02.865936',47,NULL,169,NULL,NULL,61501);
INSERT INTO outputs VALUES(20,'withdrawal','','WD-USE-2511-0002','2025-09-02 20:07:02.866477','2025-11-16 20:07:02.867921','2025-11-16 20:07:02.867927',46,NULL,223,NULL,NULL,801234);
INSERT INTO outputs VALUES(21,'other_expense','','EXP-2511-0001','2025-07-28 20:07:02.868601','2025-11-16 20:07:02.870781','2025-11-16 20:07:02.870788',50,39,230,NULL,NULL,417328);
INSERT INTO outputs VALUES(22,'consumable','','CONS-2511-0002','2025-09-27 20:07:02.871647','2025-11-16 20:07:02.873266','2025-11-16 20:07:02.873272',46,NULL,76,NULL,NULL,252949);
INSERT INTO outputs VALUES(23,'supplier_payment','','GP-PAY-2511-0001','2025-10-02 20:07:02.873916','2025-11-16 20:07:02.875760','2025-11-16 20:07:02.875766',49,85,185,91,NULL,242991);
INSERT INTO outputs VALUES(24,'global_stock_purchase','','B3-BUY-2511-0001','2025-09-28 20:07:02.876341','2025-11-16 20:07:02.877902','2025-11-16 20:07:02.877908',50,NULL,74,NULL,146,316824);
INSERT INTO outputs VALUES(25,'withdrawal','','WD-USE-2511-0003','2025-10-20 20:07:02.878436','2025-11-16 20:07:02.879838','2025-11-16 20:07:02.879844',49,NULL,190,NULL,NULL,305712);
INSERT INTO outputs VALUES(26,'consumable','','CONS-2511-0003','2025-09-17 20:07:02.880403','2025-11-16 20:07:02.881810','2025-11-16 20:07:02.881816',46,NULL,232,NULL,NULL,384453);
INSERT INTO outputs VALUES(27,'supplier_payment','','GP-PAY-2511-0002','2025-10-20 20:07:02.882345','2025-11-16 20:07:02.884072','2025-11-16 20:07:02.884078',48,62,207,89,NULL,415846);
INSERT INTO outputs VALUES(28,'consumable','','CONS-2511-0004','2025-05-24 20:07:02.884629','2025-11-16 20:07:02.886276','2025-11-16 20:07:02.886283',50,NULL,141,NULL,NULL,922368);
INSERT INTO outputs VALUES(29,'supplier_payment','','AL-PAY-2511-0001','2025-06-24 20:07:02.887053','2025-11-16 20:07:02.888828','2025-11-16 20:07:02.888834',47,92,68,98,NULL,141252);
INSERT INTO outputs VALUES(30,'other_expense','','EXP-2511-0002','2025-07-16 20:07:02.889380','2025-11-16 20:07:02.890973','2025-11-16 20:07:02.890979',48,41,134,NULL,NULL,843854);
INSERT INTO outputs VALUES(31,'consumable','','CONS-2511-0005','2025-05-23 20:07:02.891519','2025-11-16 20:07:02.892990','2025-11-16 20:07:02.892995',49,NULL,111,NULL,NULL,117094);
INSERT INTO outputs VALUES(32,'client_stock_usage','','  P-USE-2511-0001','2025-08-07 20:07:02.893524','2025-11-16 20:07:02.895248','2025-11-16 20:07:02.895255',49,110,98,NULL,150,195361);
INSERT INTO outputs VALUES(33,'supplier_payment','','AL-PAY-2511-0002','2025-10-29 20:07:02.895873','2025-11-16 20:07:02.897638','2025-11-16 20:07:02.897644',50,86,136,98,NULL,58228);
INSERT INTO outputs VALUES(34,'supplier_payment','','AL-PAY-2511-0003','2025-11-13 20:07:02.898282','2025-11-16 20:07:02.900100','2025-11-16 20:07:02.900106',49,90,101,86,NULL,885995);
INSERT INTO outputs VALUES(35,'consumable','','CONS-2511-0006','2025-05-27 20:07:02.900690','2025-11-16 20:07:02.902153','2025-11-16 20:07:02.902160',48,NULL,79,NULL,NULL,87949);
INSERT INTO outputs VALUES(36,'client_stock_usage','',' GR-USE-2511-0001','2025-09-15 20:07:02.902698','2025-11-16 20:07:02.904441','2025-11-16 20:07:02.904447',46,36,132,NULL,148,922514);
INSERT INTO outputs VALUES(37,'client_stock_usage','','  -USE-2511-0001','2025-11-04 20:07:02.904985','2025-11-16 20:07:02.906718','2025-11-16 20:07:02.906724',48,28,208,NULL,167,496660);
INSERT INTO outputs VALUES(38,'client_stock_usage','','MG-USE-2511-0001','2025-11-12 20:07:02.907270','2025-11-16 20:07:02.909011','2025-11-16 20:07:02.909017',48,79,63,NULL,147,555321);
INSERT INTO outputs VALUES(39,'consumable','','CONS-2511-0007','2025-06-13 20:07:02.909638','2025-11-16 20:07:02.911108','2025-11-16 20:07:02.911114',49,NULL,166,NULL,NULL,228366);
INSERT INTO outputs VALUES(40,'withdrawal','','WD-USE-2511-0004','2025-09-14 20:07:02.911659','2025-11-16 20:07:02.913103','2025-11-16 20:07:02.913109',48,NULL,91,NULL,NULL,262665);
INSERT INTO outputs VALUES(41,'other_expense','','EXP-2511-0003','2025-06-10 20:07:02.913640','2025-11-16 20:07:02.915204','2025-11-16 20:07:02.915209',49,121,225,NULL,NULL,842773);
INSERT INTO outputs VALUES(42,'other_expense','','EXP-2511-0004','2025-08-04 20:07:02.915727','2025-11-16 20:07:02.917293','2025-11-16 20:07:02.917298',50,48,160,NULL,NULL,639069);
INSERT INTO outputs VALUES(43,'supplier_payment','','   L-PAY-2511-0001','2025-10-29 20:07:02.917825','2025-11-16 20:07:02.919747','2025-11-16 20:07:02.919753',48,39,94,103,NULL,737944);
INSERT INTO outputs VALUES(44,'supplier_payment','','BSC-PAY-2511-0001','2025-11-14 20:07:02.920401','2025-11-16 20:07:02.922120','2025-11-16 20:07:02.922126',50,56,78,97,NULL,275296);
INSERT INTO outputs VALUES(45,'withdrawal','','WD-USE-2511-0005','2025-07-10 20:07:02.922659','2025-11-16 20:07:02.924145','2025-11-16 20:07:02.924150',47,NULL,241,NULL,NULL,670688);
INSERT INTO outputs VALUES(46,'withdrawal','','WD-USE-2511-0006','2025-10-28 20:07:02.924718','2025-11-16 20:07:02.926154','2025-11-16 20:07:02.926159',49,NULL,245,NULL,NULL,53779);
INSERT INTO outputs VALUES(47,'global_stock_purchase','','F2-BUY-2511-0001','2025-08-06 20:07:02.926694','2025-11-16 20:07:02.928262','2025-11-16 20:07:02.928268',48,NULL,213,NULL,167,180455);
INSERT INTO outputs VALUES(48,'global_stock_purchase','','B1-BUY-2511-0001','2025-06-04 20:07:02.928800','2025-11-16 20:07:02.930364','2025-11-16 20:07:02.930370',46,NULL,197,NULL,162,17812);
INSERT INTO outputs VALUES(49,'consumable','','CONS-2511-0008','2025-09-07 20:07:02.931044','2025-11-16 20:07:02.932582','2025-11-16 20:07:02.932588',48,NULL,113,NULL,NULL,104524);
INSERT INTO outputs VALUES(50,'withdrawal','','WD-USE-2511-0007','2025-11-06 20:07:02.933168','2025-11-16 20:07:02.934595','2025-11-16 20:07:02.934601',46,NULL,77,NULL,NULL,766466);
INSERT INTO outputs VALUES(51,'withdrawal','','WD-USE-2511-0008','2025-10-20 20:07:02.935153','2025-11-16 20:07:02.936641','2025-11-16 20:07:02.936647',50,NULL,159,NULL,NULL,510083);
INSERT INTO outputs VALUES(52,'consumable','','CONS-2511-0009','2025-09-06 20:07:02.937195','2025-11-16 20:07:02.938609','2025-11-16 20:07:02.938615',49,NULL,210,NULL,NULL,723955);
INSERT INTO outputs VALUES(53,'consumable','','CONS-2511-0010','2025-07-11 20:07:02.939136','2025-11-16 20:07:02.940549','2025-11-16 20:07:02.940555',47,NULL,224,NULL,NULL,739745);
INSERT INTO outputs VALUES(54,'other_expense','','EXP-2511-0005','2025-08-09 20:07:02.941075','2025-11-16 20:07:02.942489','2025-11-16 20:07:02.942495',48,NULL,134,NULL,NULL,81445);
INSERT INTO outputs VALUES(55,'consumable','','CONS-2511-0011','2025-10-05 20:07:02.943049','2025-11-16 20:07:02.944528','2025-11-16 20:07:02.944534',49,NULL,115,NULL,NULL,749672);
INSERT INTO outputs VALUES(56,'global_stock_purchase','','S2-BUY-2511-0001','2025-07-06 20:07:02.945088','2025-11-16 20:07:02.946646','2025-11-16 20:07:02.946652',50,NULL,135,NULL,169,984037);
INSERT INTO outputs VALUES(57,'withdrawal','','WD-USE-2511-0009','2025-10-27 20:07:02.947186','2025-11-16 20:07:02.948617','2025-11-16 20:07:02.948623',49,NULL,137,NULL,NULL,432492);
INSERT INTO outputs VALUES(58,'other_expense','','EXP-2511-0006','2025-05-23 20:07:02.949152','2025-11-16 20:07:02.950579','2025-11-16 20:07:02.950585',49,NULL,110,NULL,NULL,202027);
INSERT INTO outputs VALUES(59,'supplier_payment','','AC-PAY-2511-0001','2025-07-15 20:07:02.951107','2025-11-16 20:07:02.952909','2025-11-16 20:07:02.952916',46,46,122,101,NULL,35078);
INSERT INTO outputs VALUES(60,'client_stock_usage','','UNK-USE-2511-0001','2025-10-05 20:07:02.953468','2025-11-16 20:07:02.955154','2025-11-16 20:07:02.955160',47,102,88,NULL,166,112517);
INSERT INTO outputs VALUES(61,'consumable','','CONS-2511-0012','2025-09-18 20:07:02.955772','2025-11-16 20:07:02.957229','2025-11-16 20:07:02.957235',49,NULL,152,NULL,NULL,514461);
INSERT INTO outputs VALUES(62,'supplier_payment','','CSP-PAY-2511-0001','2025-08-31 20:07:02.957812','2025-11-16 20:07:02.959646','2025-11-16 20:07:02.959652',46,115,168,92,NULL,299879);
INSERT INTO outputs VALUES(63,'other_expense','','EXP-2511-0007','2025-08-08 20:07:02.960299','2025-11-16 20:07:02.961978','2025-11-16 20:07:02.961984',47,NULL,213,NULL,NULL,493504);
INSERT INTO outputs VALUES(64,'global_stock_purchase','','P5-BUY-2511-0001','2025-07-21 20:07:02.962603','2025-11-16 20:07:02.964348','2025-11-16 20:07:02.964355',46,NULL,154,NULL,148,294557);
INSERT INTO outputs VALUES(65,'withdrawal','','WD-USE-2511-0010','2025-05-26 20:07:02.964989','2025-11-16 20:07:02.966540','2025-11-16 20:07:02.966546',47,NULL,112,NULL,NULL,141802);
INSERT INTO outputs VALUES(66,'withdrawal','','WD-USE-2511-0011','2025-11-09 20:07:02.967123','2025-11-16 20:07:02.968808','2025-11-16 20:07:02.968815',50,NULL,88,NULL,NULL,266820);
INSERT INTO outputs VALUES(67,'withdrawal','','WD-USE-2511-0012','2025-09-06 20:07:02.969503','2025-11-16 20:07:02.971106','2025-11-16 20:07:02.971112',47,NULL,189,NULL,NULL,953238);
INSERT INTO outputs VALUES(68,'client_stock_usage','',' -USE-2511-0001','2025-09-06 20:07:02.971771','2025-11-16 20:07:02.973749','2025-11-16 20:07:02.973756',49,53,127,NULL,173,950998);
INSERT INTO outputs VALUES(69,'global_stock_purchase','','C6-BUY-2511-0001','2025-08-25 20:07:02.974504','2025-11-16 20:07:02.976415','2025-11-16 20:07:02.976421',46,NULL,88,NULL,149,210757);
INSERT INTO outputs VALUES(70,'other_expense','','EXP-2511-0008','2025-10-17 20:07:02.977121','2025-11-16 20:07:02.978857','2025-11-16 20:07:02.978863',46,NULL,161,NULL,NULL,689688);
INSERT INTO outputs VALUES(71,'global_stock_purchase','','P2-BUY-2511-0001','2025-06-28 20:07:02.979557','2025-11-16 20:07:02.981320','2025-11-16 20:07:02.981327',50,NULL,75,NULL,172,211320);
INSERT INTO outputs VALUES(72,'consumable','','CONS-2511-0013','2025-07-19 20:07:02.981987','2025-11-16 20:07:02.983680','2025-11-16 20:07:02.983686',48,NULL,186,NULL,NULL,179081);
INSERT INTO outputs VALUES(73,'other_expense','','EXP-2511-0009','2025-11-03 20:07:02.984367','2025-11-16 20:07:02.986383','2025-11-16 20:07:02.986390',47,100,107,NULL,NULL,888724);
INSERT INTO outputs VALUES(74,'consumable','','CONS-2511-0014','2025-07-28 20:07:02.987122','2025-11-16 20:07:02.988900','2025-11-16 20:07:02.988906',49,NULL,126,NULL,NULL,897412);
INSERT INTO outputs VALUES(75,'supplier_payment','','JTSL-PAY-2511-0001','2025-09-15 20:07:02.989537','2025-11-16 20:07:02.991394','2025-11-16 20:07:02.991400',50,100,240,99,NULL,493067);
INSERT INTO outputs VALUES(76,'other_expense','','EXP-2511-0010','2025-10-28 20:07:02.992048','2025-11-16 20:07:02.993630','2025-11-16 20:07:02.993636',46,NULL,73,NULL,NULL,990211);
INSERT INTO outputs VALUES(77,'consumable','','CONS-2511-0015','2025-08-26 20:07:02.994249','2025-11-16 20:07:02.995889','2025-11-16 20:07:02.995896',48,NULL,225,NULL,NULL,532129);
INSERT INTO outputs VALUES(78,'consumable','','CONS-2511-0016','2025-07-04 20:07:02.996606','2025-11-16 20:07:02.998528','2025-11-16 20:07:02.998535',46,NULL,167,NULL,NULL,362273);
INSERT INTO outputs VALUES(79,'global_stock_purchase','','C51-BUY-2511-0001','2025-06-19 20:07:02.999303','2025-11-16 20:07:03.001446','2025-11-16 20:07:03.001452',48,NULL,136,NULL,144,850639);
INSERT INTO outputs VALUES(80,'other_expense','','EXP-2511-0011','2025-05-22 20:07:03.002397','2025-11-16 20:07:03.004050','2025-11-16 20:07:03.004056',49,NULL,132,NULL,NULL,803307);
INSERT INTO outputs VALUES(81,'other_expense','','EXP-2511-0012','2025-07-22 20:07:03.004768','2025-11-16 20:07:03.006593','2025-11-16 20:07:03.006599',46,102,189,NULL,NULL,772781);
INSERT INTO outputs VALUES(82,'withdrawal','','WD-USE-2511-0013','2025-08-13 20:07:03.007307','2025-11-16 20:07:03.009053','2025-11-16 20:07:03.009059',49,NULL,79,NULL,NULL,367639);
INSERT INTO outputs VALUES(83,'global_stock_purchase','','C51-BUY-2511-0002','2025-07-05 20:07:03.009789','2025-11-16 20:07:03.011547','2025-11-16 20:07:03.011553',48,NULL,157,NULL,144,44255);
INSERT INTO outputs VALUES(84,'supplier_payment','','IP-PAY-2511-0001','2025-07-03 20:07:03.012145','2025-11-16 20:07:03.013940','2025-11-16 20:07:03.013947',50,111,84,90,NULL,868382);
INSERT INTO outputs VALUES(85,'withdrawal','','WD-USE-2511-0014','2025-10-07 20:07:03.014518','2025-11-16 20:07:03.016053','2025-11-16 20:07:03.016059',50,NULL,74,NULL,NULL,108486);
INSERT INTO outputs VALUES(86,'consumable','','CONS-2511-0017','2025-09-29 20:07:03.016822','2025-11-16 20:07:03.018570','2025-11-16 20:07:03.018577',50,NULL,101,NULL,NULL,975350);
INSERT INTO outputs VALUES(87,'withdrawal','','WD-USE-2511-0015','2025-05-31 20:07:03.019251','2025-11-16 20:07:03.020759','2025-11-16 20:07:03.020765',46,NULL,209,NULL,NULL,541555);
INSERT INTO outputs VALUES(88,'supplier_payment','','MP-PAY-2511-0001','2025-08-23 20:07:03.021323','2025-11-16 20:07:03.023104','2025-11-16 20:07:03.023110',47,98,145,94,NULL,23846);
INSERT INTO outputs VALUES(89,'global_stock_purchase','','C51-BUY-2511-0003','2025-06-06 20:07:03.023669','2025-11-16 20:07:03.025435','2025-11-16 20:07:03.025441',48,NULL,223,NULL,144,159995);
INSERT INTO outputs VALUES(90,'global_stock_purchase','','B1-BUY-2511-0002','2025-11-13 20:07:03.026058','2025-11-16 20:07:03.028164','2025-11-16 20:07:03.028170',47,NULL,116,NULL,154,908246);
INSERT INTO outputs VALUES(91,'other_expense','','EXP-2511-0013','2025-06-29 20:07:03.028959','2025-11-16 20:07:03.033854','2025-11-16 20:07:03.033879',46,93,103,NULL,NULL,757685);
INSERT INTO outputs VALUES(92,'supplier_payment','','AP-PAY-2511-0001','2025-08-04 20:07:03.044409','2025-11-16 20:07:03.070478','2025-11-16 20:07:03.070484',46,81,241,88,NULL,104403);
INSERT INTO outputs VALUES(93,'global_stock_purchase','','B1-BUY-2511-0003','2025-05-27 20:07:03.071436','2025-11-16 20:07:03.073536','2025-11-16 20:07:03.073543',48,NULL,94,NULL,162,828932);
INSERT INTO outputs VALUES(94,'withdrawal','','WD-USE-2511-0016','2025-06-04 20:07:03.074542','2025-11-16 20:07:03.078410','2025-11-16 20:07:03.078418',46,NULL,220,NULL,NULL,717933);
INSERT INTO outputs VALUES(95,'global_stock_purchase','','S1-BUY-2511-0001','2025-07-20 20:07:03.083334','2025-11-16 20:07:03.087262','2025-11-16 20:07:03.087268',48,NULL,100,NULL,161,717157);
INSERT INTO outputs VALUES(96,'client_stock_usage','','LR-USE-2511-0001','2025-11-15 20:07:03.088048','2025-11-16 20:07:03.089971','2025-11-16 20:07:03.089977',49,85,215,NULL,164,23856);
INSERT INTO outputs VALUES(97,'global_stock_purchase','','C51-BUY-2511-0004','2025-05-20 20:07:03.090550','2025-11-16 20:07:03.092201','2025-11-16 20:07:03.092207',49,NULL,84,NULL,160,579947);
INSERT INTO outputs VALUES(98,'other_expense','','EXP-2511-0014','2025-08-23 20:07:03.092762','2025-11-16 20:07:03.094223','2025-11-16 20:07:03.094228',47,NULL,175,NULL,NULL,918551);
INSERT INTO outputs VALUES(99,'withdrawal','','WD-USE-2511-0017','2025-10-07 20:07:03.094765','2025-11-16 20:07:03.096210','2025-11-16 20:07:03.096216',46,NULL,159,NULL,NULL,805666);
INSERT INTO outputs VALUES(100,'consumable','','CONS-2511-0018','2025-09-14 20:07:03.096747','2025-11-16 20:07:03.098176','2025-11-16 20:07:03.098182',47,NULL,127,NULL,NULL,723582);
INSERT INTO outputs VALUES(101,'global_stock_purchase','','B1-BUY-2511-0004','2025-08-29 20:07:03.098719','2025-11-16 20:07:03.100323','2025-11-16 20:07:03.100330',46,NULL,227,NULL,154,46066);
INSERT INTO outputs VALUES(102,'withdrawal','','WD-USE-2511-0018','2025-11-03 20:07:03.100982','2025-11-16 20:07:03.102654','2025-11-16 20:07:03.102660',46,NULL,97,NULL,NULL,308264);
INSERT INTO outputs VALUES(103,'client_stock_usage','','TLS-USE-2511-0001','2025-06-16 20:07:03.103350','2025-11-16 20:07:03.105242','2025-11-16 20:07:03.105248',49,93,227,NULL,170,20659);
INSERT INTO outputs VALUES(104,'consumable','','CONS-2511-0019','2025-09-29 20:07:03.105830','2025-11-16 20:07:03.107327','2025-11-16 20:07:03.107333',49,NULL,66,NULL,NULL,320371);
INSERT INTO outputs VALUES(105,'client_stock_usage','','CS-USE-2511-0001','2025-10-27 20:07:03.107913','2025-11-16 20:07:03.109714','2025-11-16 20:07:03.109720',49,31,181,NULL,153,320930);
INSERT INTO outputs VALUES(106,'supplier_payment','','GEFC-PAY-2511-0001','2025-08-06 20:07:03.110329','2025-11-16 20:07:03.112252','2025-11-16 20:07:03.112258',46,85,229,96,NULL,898124);
INSERT INTO outputs VALUES(107,'global_stock_purchase','','C6-BUY-2511-0002','2025-11-04 20:07:03.112909','2025-11-16 20:07:03.114584','2025-11-16 20:07:03.114590',49,NULL,163,NULL,149,839359);
INSERT INTO outputs VALUES(108,'consumable','','CONS-2511-0020','2025-09-27 20:07:03.115165','2025-11-16 20:07:03.116645','2025-11-16 20:07:03.116650',47,NULL,118,NULL,NULL,135094);
INSERT INTO outputs VALUES(109,'withdrawal','','WD-USE-2511-0019','2025-09-27 20:07:03.117218','2025-11-16 20:07:03.118750','2025-11-16 20:07:03.118756',50,NULL,218,NULL,NULL,686902);
INSERT INTO outputs VALUES(110,'withdrawal','','WD-USE-2511-0020','2025-10-26 20:07:03.119383','2025-11-16 20:07:03.120884','2025-11-16 20:07:03.120890',47,NULL,49,NULL,NULL,687196);
INSERT INTO outputs VALUES(111,'other_expense','','EXP-2511-0015','2025-11-11 20:07:03.121491','2025-11-16 20:07:03.123186','2025-11-16 20:07:03.123192',47,99,55,NULL,NULL,978980);
INSERT INTO outputs VALUES(112,'consumable','','CONS-2511-0021','2025-08-18 20:07:03.123806','2025-11-16 20:07:03.125313','2025-11-16 20:07:03.125319',47,NULL,202,NULL,NULL,387681);
INSERT INTO outputs VALUES(113,'withdrawal','','WD-USE-2511-0021','2025-07-18 20:07:03.125925','2025-11-16 20:07:03.127406','2025-11-16 20:07:03.127412',49,NULL,112,NULL,NULL,651157);
INSERT INTO outputs VALUES(114,'global_stock_purchase','','P2-BUY-2511-0002','2025-07-19 20:07:03.127958','2025-11-16 20:07:03.129599','2025-11-16 20:07:03.129605',48,NULL,77,NULL,164,357352);
INSERT INTO outputs VALUES(115,'consumable','','CONS-2511-0022','2025-05-24 20:07:03.130164','2025-11-16 20:07:03.131686','2025-11-16 20:07:03.131692',49,NULL,121,NULL,NULL,116620);
INSERT INTO outputs VALUES(116,'other_expense','','EXP-2511-0016','2025-10-20 20:07:03.132613','2025-11-16 20:07:03.134499','2025-11-16 20:07:03.134504',46,101,114,NULL,NULL,840508);
INSERT INTO outputs VALUES(117,'client_stock_usage','','MS-USE-2511-0001','2025-06-16 20:07:03.135356','2025-11-16 20:07:03.137271','2025-11-16 20:07:03.137278',48,50,215,NULL,147,405980);
INSERT INTO outputs VALUES(118,'other_expense','','EXP-2511-0017','2025-05-25 20:07:03.137909','2025-11-16 20:07:03.139562','2025-11-16 20:07:03.139568',48,113,226,NULL,NULL,336768);
INSERT INTO outputs VALUES(119,'other_expense','','EXP-2511-0018','2025-08-05 20:07:03.140173','2025-11-16 20:07:03.141687','2025-11-16 20:07:03.141693',49,NULL,174,NULL,NULL,389973);
INSERT INTO outputs VALUES(120,'client_stock_usage','','  -USE-2511-0002','2025-09-07 20:07:03.142268','2025-11-16 20:07:03.144088','2025-11-16 20:07:03.144094',49,91,219,NULL,155,882369);
INSERT INTO outputs VALUES(121,'global_stock_purchase','','P1-BUY-2511-0001','2025-07-31 20:07:03.145097','2025-11-16 20:07:03.147431','2025-11-16 20:07:03.147437',47,NULL,140,NULL,158,108133);
INSERT INTO outputs VALUES(122,'client_stock_usage','','  A-USE-2511-0001','2025-08-12 20:07:03.148170','2025-11-16 20:07:03.149990','2025-11-16 20:07:03.149996',48,100,153,NULL,145,38442);
INSERT INTO outputs VALUES(123,'consumable','','CONS-2511-0023','2025-10-28 20:07:03.150571','2025-11-16 20:07:03.152455','2025-11-16 20:07:03.152461',49,NULL,139,NULL,NULL,312477);
INSERT INTO outputs VALUES(124,'withdrawal','','WD-USE-2511-0022','2025-09-05 20:07:03.153181','2025-11-16 20:07:03.154705','2025-11-16 20:07:03.154712',48,NULL,138,NULL,NULL,238300);
INSERT INTO outputs VALUES(125,'client_stock_usage','','LR-USE-2511-0002','2025-11-03 20:07:03.155281','2025-11-16 20:07:03.157091','2025-11-16 20:07:03.157097',49,52,129,NULL,146,170212);
INSERT INTO outputs VALUES(126,'withdrawal','','WD-USE-2511-0023','2025-06-10 20:07:03.157716','2025-11-16 20:07:03.159194','2025-11-16 20:07:03.159199',50,NULL,62,NULL,NULL,349336);
INSERT INTO outputs VALUES(127,'supplier_payment','','AQ-PAY-2511-0001','2025-09-11 20:07:03.159761','2025-11-16 20:07:03.161559','2025-11-16 20:07:03.161565',47,70,205,95,NULL,644823);
INSERT INTO outputs VALUES(128,'client_stock_usage','','AB-USE-2511-0001','2025-08-15 20:07:03.162205','2025-11-16 20:07:03.164022','2025-11-16 20:07:03.164028',50,87,72,NULL,149,59034);
INSERT INTO outputs VALUES(129,'other_expense','','EXP-2511-0019','2025-08-31 20:07:03.164596','2025-11-16 20:07:03.166235','2025-11-16 20:07:03.166241',48,104,191,NULL,NULL,76868);
INSERT INTO outputs VALUES(130,'supplier_payment','','AL-PAY-2511-0004','2025-07-03 20:07:03.166796','2025-11-16 20:07:03.168819','2025-11-16 20:07:03.168825',47,86,110,86,NULL,201688);
INSERT INTO outputs VALUES(131,'supplier_payment','','AP-PAY-2511-0002','2025-06-22 20:07:03.169453','2025-11-16 20:07:03.171325','2025-11-16 20:07:03.171332',50,122,131,84,NULL,811182);
INSERT INTO outputs VALUES(132,'client_stock_usage','','UNK-USE-2511-0002','2025-09-08 20:07:03.171942','2025-11-16 20:07:03.173780','2025-11-16 20:07:03.173786',47,102,130,NULL,157,384141);
INSERT INTO outputs VALUES(133,'global_stock_purchase','','S2-BUY-2511-0002','2025-06-09 20:07:03.174360','2025-11-16 20:07:03.176005','2025-11-16 20:07:03.176012',47,NULL,220,NULL,145,558440);
INSERT INTO outputs VALUES(134,'withdrawal','','WD-USE-2511-0024','2025-05-20 20:07:03.176595','2025-11-16 20:07:03.178128','2025-11-16 20:07:03.178134',49,NULL,201,NULL,NULL,992327);
INSERT INTO outputs VALUES(135,'client_stock_usage','','   -USE-2511-0001','2025-05-29 20:07:03.178776','2025-11-16 20:07:03.180715','2025-11-16 20:07:03.180721',46,77,118,NULL,153,165074);
INSERT INTO outputs VALUES(136,'global_stock_purchase','','P2-BUY-2511-0003','2025-07-10 20:07:03.181364','2025-11-16 20:07:03.183061','2025-11-16 20:07:03.183067',50,NULL,184,NULL,164,16302);
INSERT INTO outputs VALUES(137,'other_expense','','EXP-2511-0020','2025-05-21 20:07:03.183739','2025-11-16 20:07:03.185419','2025-11-16 20:07:03.185426',47,NULL,236,NULL,NULL,559364);
INSERT INTO outputs VALUES(138,'client_stock_usage','','  -USE-2511-0003','2025-06-08 20:07:03.186219','2025-11-16 20:07:03.188074','2025-11-16 20:07:03.188080',48,59,127,NULL,163,126898);
INSERT INTO outputs VALUES(139,'other_expense','','EXP-2511-0021','2025-07-19 20:07:03.188663','2025-11-16 20:07:03.190321','2025-11-16 20:07:03.190327',46,31,127,NULL,NULL,242749);
INSERT INTO outputs VALUES(140,'global_stock_purchase','','B1-BUY-2511-0005','2025-09-26 20:07:03.190950','2025-11-16 20:07:03.193217','2025-11-16 20:07:03.193224',46,NULL,63,NULL,154,624558);
INSERT INTO outputs VALUES(141,'client_stock_usage','','  -USE-2511-0004','2025-08-31 20:07:03.194110','2025-11-16 20:07:03.195999','2025-11-16 20:07:03.196005',48,92,142,NULL,146,12442);
INSERT INTO outputs VALUES(142,'global_stock_purchase','','C6-BUY-2511-0003','2025-06-28 20:07:03.196672','2025-11-16 20:07:03.198389','2025-11-16 20:07:03.198394',50,NULL,209,NULL,149,309753);
INSERT INTO outputs VALUES(143,'global_stock_purchase','','C6-BUY-2511-0004','2025-10-18 20:07:03.199042','2025-11-16 20:07:03.200725','2025-11-16 20:07:03.200731',46,NULL,77,NULL,149,198606);
INSERT INTO outputs VALUES(144,'client_stock_usage','','TLS-USE-2511-0002','2025-05-29 20:07:03.201394','2025-11-16 20:07:03.203304','2025-11-16 20:07:03.203310',47,120,192,NULL,149,255304);
INSERT INTO outputs VALUES(145,'other_expense','','EXP-2511-0022','2025-08-28 20:07:03.203947','2025-11-16 20:07:03.205600','2025-11-16 20:07:03.205606',47,107,94,NULL,NULL,893598);
INSERT INTO outputs VALUES(146,'other_expense','','EXP-2511-0023','2025-08-22 20:07:03.206188','2025-11-16 20:07:03.207627','2025-11-16 20:07:03.207633',46,NULL,130,NULL,NULL,578367);
INSERT INTO outputs VALUES(147,'other_expense','','EXP-2511-0024','2025-10-12 20:07:03.208197','2025-11-16 20:07:03.209815','2025-11-16 20:07:03.209821',47,96,82,NULL,NULL,790300);
INSERT INTO outputs VALUES(148,'global_stock_purchase','','C59-BUY-2511-0001','2025-11-11 20:07:03.210369','2025-11-16 20:07:03.211993','2025-11-16 20:07:03.211999',50,NULL,229,NULL,152,628570);
INSERT INTO outputs VALUES(149,'consumable','','CONS-2511-0024','2025-07-07 20:07:03.212570','2025-11-16 20:07:03.214017','2025-11-16 20:07:03.214023',49,NULL,230,NULL,NULL,974626);
INSERT INTO outputs VALUES(150,'other_expense','','EXP-2511-0025','2025-08-16 20:07:03.214681','2025-11-16 20:07:03.216191','2025-11-16 20:07:03.216197',50,NULL,178,NULL,NULL,352517);
INSERT INTO outputs VALUES(151,'client_stock_usage','',' GR-USE-2511-0002','2025-10-18 20:07:03.216786','2025-11-16 20:07:03.218614','2025-11-16 20:07:03.218621',50,122,113,NULL,159,861735);
INSERT INTO outputs VALUES(152,'supplier_payment','','AL-PAY-2511-0005','2025-05-25 20:07:03.219217','2025-11-16 20:07:03.220945','2025-11-16 20:07:03.220951',48,118,186,98,NULL,689128);
INSERT INTO outputs VALUES(153,'consumable','','CONS-2511-0025','2025-08-20 20:07:03.221502','2025-11-16 20:07:03.222996','2025-11-16 20:07:03.223001',47,NULL,221,NULL,NULL,211205);
INSERT INTO outputs VALUES(154,'supplier_payment','','AQ-PAY-2511-0002','2025-05-21 20:07:03.223632','2025-11-16 20:07:03.225431','2025-11-16 20:07:03.225437',46,100,211,100,NULL,651294);
INSERT INTO outputs VALUES(155,'supplier_payment','','BSC-PAY-2511-0002','2025-06-02 20:07:03.226088','2025-11-16 20:07:03.227869','2025-11-16 20:07:03.227874',49,109,169,97,NULL,81307);
INSERT INTO outputs VALUES(156,'client_stock_usage','','  -USE-2511-0005','2025-05-20 20:07:03.228437','2025-11-16 20:07:03.230180','2025-11-16 20:07:03.230186',48,114,127,NULL,168,18214);
INSERT INTO outputs VALUES(157,'global_stock_purchase','','P2-BUY-2511-0004','2025-06-18 20:07:03.230748','2025-11-16 20:07:03.232345','2025-11-16 20:07:03.232351',46,NULL,164,NULL,166,659339);
INSERT INTO outputs VALUES(158,'consumable','','CONS-2511-0026','2025-11-05 20:07:03.232901','2025-11-16 20:07:03.234328','2025-11-16 20:07:03.234334',48,NULL,178,NULL,NULL,72266);
INSERT INTO outputs VALUES(159,'other_expense','','EXP-2511-0026','2025-10-28 20:07:03.234884','2025-11-16 20:07:03.236461','2025-11-16 20:07:03.236468',49,NULL,151,NULL,NULL,374579);
INSERT INTO outputs VALUES(160,'client_stock_usage','','  -USE-2511-0006','2025-06-13 20:07:03.237125','2025-11-16 20:07:03.238906','2025-11-16 20:07:03.238912',46,37,142,NULL,156,519139);
INSERT INTO outputs VALUES(161,'supplier_payment','','GP-PAY-2511-0003','2025-09-09 20:07:03.239513','2025-11-16 20:07:03.241250','2025-11-16 20:07:03.241255',50,36,92,91,NULL,365518);
INSERT INTO outputs VALUES(162,'withdrawal','','WD-USE-2511-0025','2025-07-26 20:07:03.241802','2025-11-16 20:07:03.243228','2025-11-16 20:07:03.243234',50,NULL,236,NULL,NULL,660544);
INSERT INTO outputs VALUES(163,'withdrawal','','WD-USE-2511-0026','2025-11-07 20:07:03.243791','2025-11-16 20:07:03.245221','2025-11-16 20:07:03.245226',46,NULL,89,NULL,NULL,403993);
INSERT INTO outputs VALUES(164,'global_stock_purchase','','C52-BUY-2511-0001','2025-06-24 20:07:03.245774','2025-11-16 20:07:03.247421','2025-11-16 20:07:03.247427',48,NULL,78,NULL,168,356334);
INSERT INTO outputs VALUES(165,'global_stock_purchase','','C6-BUY-2511-0005','2025-05-22 20:07:03.248049','2025-11-16 20:07:03.249707','2025-11-16 20:07:03.249713',50,NULL,154,NULL,149,101862);
INSERT INTO outputs VALUES(166,'consumable','','CONS-2511-0027','2025-07-08 20:07:03.250271','2025-11-16 20:07:03.251697','2025-11-16 20:07:03.251703',47,NULL,61,NULL,NULL,493470);
INSERT INTO outputs VALUES(167,'other_expense','','EXP-2511-0027','2025-06-24 20:07:03.252292','2025-11-16 20:07:03.253878','2025-11-16 20:07:03.253884',48,89,238,NULL,NULL,58760);
INSERT INTO outputs VALUES(168,'global_stock_purchase','','P1-BUY-2511-0002','2025-07-27 20:07:03.254426','2025-11-16 20:07:03.256028','2025-11-16 20:07:03.256033',49,NULL,96,NULL,158,641024);
INSERT INTO outputs VALUES(169,'consumable','','CONS-2511-0028','2025-07-23 20:07:03.256565','2025-11-16 20:07:03.257983','2025-11-16 20:07:03.257989',46,NULL,150,NULL,NULL,338758);
INSERT INTO outputs VALUES(170,'withdrawal','','WD-USE-2511-0027','2025-05-25 20:07:03.258554','2025-11-16 20:07:03.259980','2025-11-16 20:07:03.259986',47,NULL,93,NULL,NULL,556083);
INSERT INTO outputs VALUES(171,'withdrawal','','WD-USE-2511-0028','2025-08-24 20:07:03.260601','2025-11-16 20:07:03.262184','2025-11-16 20:07:03.262191',49,NULL,150,NULL,NULL,514026);
INSERT INTO outputs VALUES(172,'other_expense','','EXP-2511-0028','2025-05-23 20:07:03.262927','2025-11-16 20:07:03.264629','2025-11-16 20:07:03.264636',46,105,109,NULL,NULL,984197);
INSERT INTO outputs VALUES(173,'supplier_payment','','AC-PAY-2511-0002','2025-11-16 20:07:03.265394','2025-11-16 20:07:03.267498','2025-11-16 20:07:03.267504',46,122,150,101,NULL,895000);
INSERT INTO outputs VALUES(174,'global_stock_purchase','','S1-BUY-2511-0002','2025-07-29 20:07:03.268182','2025-11-16 20:07:03.269995','2025-11-16 20:07:03.270001',49,NULL,52,NULL,161,775582);
INSERT INTO outputs VALUES(175,'consumable','','CONS-2511-0029','2025-05-26 20:07:03.270606','2025-11-16 20:07:03.272023','2025-11-16 20:07:03.272029',49,NULL,113,NULL,NULL,722875);
INSERT INTO outputs VALUES(176,'global_stock_purchase','','P2-BUY-2511-0005','2025-10-18 20:07:03.272578','2025-11-16 20:07:03.274223','2025-11-16 20:07:03.274229',46,NULL,234,NULL,172,531023);
INSERT INTO outputs VALUES(177,'client_stock_usage','','LLP-USE-2511-0001','2025-08-16 20:07:03.274777','2025-11-16 20:07:03.276498','2025-11-16 20:07:03.276504',50,47,60,NULL,160,551629);
INSERT INTO outputs VALUES(178,'withdrawal','','WD-USE-2511-0029','2025-10-25 20:07:03.277044','2025-11-16 20:07:03.278469','2025-11-16 20:07:03.278474',47,NULL,50,NULL,NULL,704044);
INSERT INTO outputs VALUES(179,'client_stock_usage','','  -USE-2511-0007','2025-09-12 20:07:03.279026','2025-11-16 20:07:03.280809','2025-11-16 20:07:03.280815',48,90,193,NULL,156,356155);
INSERT INTO outputs VALUES(180,'supplier_payment','','AP-PAY-2511-0003','2025-08-09 20:07:03.281382','2025-11-16 20:07:03.283128','2025-11-16 20:07:03.283136',50,90,51,84,NULL,113279);
INSERT INTO outputs VALUES(181,'other_expense','','EXP-2511-0029','2025-09-16 20:07:03.283708','2025-11-16 20:07:03.285396','2025-11-16 20:07:03.285402',50,59,112,NULL,NULL,142548);
INSERT INTO outputs VALUES(182,'supplier_payment','','AC-PAY-2511-0003','2025-08-17 20:07:03.286043','2025-11-16 20:07:03.287849','2025-11-16 20:07:03.287855',49,45,211,101,NULL,221096);
INSERT INTO outputs VALUES(183,'client_stock_usage','','  -USE-2511-0008','2025-07-30 20:07:03.288420','2025-11-16 20:07:03.290166','2025-11-16 20:07:03.290172',49,90,165,NULL,148,962769);
INSERT INTO outputs VALUES(184,'supplier_payment','','CSP-PAY-2511-0002','2025-08-17 20:07:03.290724','2025-11-16 20:07:03.292494','2025-11-16 20:07:03.292499',47,99,142,92,NULL,936236);
INSERT INTO outputs VALUES(185,'other_expense','','EXP-2511-0030','2025-08-30 20:07:03.293085','2025-11-16 20:07:03.294519','2025-11-16 20:07:03.294525',47,NULL,124,NULL,NULL,955489);
INSERT INTO outputs VALUES(186,'withdrawal','','WD-USE-2511-0030','2025-07-11 20:07:03.295128','2025-11-16 20:07:03.296568','2025-11-16 20:07:03.296574',48,NULL,192,NULL,NULL,168131);
INSERT INTO outputs VALUES(187,'supplier_payment','','GP-PAY-2511-0004','2025-07-13 20:07:03.297189','2025-11-16 20:07:03.298939','2025-11-16 20:07:03.298945',46,122,93,89,NULL,152755);
INSERT INTO outputs VALUES(188,'withdrawal','','WD-USE-2511-0031','2025-08-13 20:07:03.299501','2025-11-16 20:07:03.300917','2025-11-16 20:07:03.300922',46,NULL,54,NULL,NULL,75531);
INSERT INTO outputs VALUES(189,'supplier_payment','','   L-PAY-2511-0002','2025-08-19 20:07:03.301467','2025-11-16 20:07:03.303309','2025-11-16 20:07:03.303315',50,48,202,103,NULL,553681);
INSERT INTO outputs VALUES(190,'other_expense','','EXP-2511-0031','2025-10-02 20:07:03.303906','2025-11-16 20:07:03.305497','2025-11-16 20:07:03.305503',47,111,221,NULL,NULL,280134);
INSERT INTO outputs VALUES(191,'consumable','','CONS-2511-0030','2025-09-28 20:07:03.306076','2025-11-16 20:07:03.307552','2025-11-16 20:07:03.307557',47,NULL,172,NULL,NULL,253263);
INSERT INTO outputs VALUES(192,'consumable','','CONS-2511-0031','2025-08-13 20:07:03.308133','2025-11-16 20:07:03.309561','2025-11-16 20:07:03.309566',50,NULL,135,NULL,NULL,61607);
INSERT INTO outputs VALUES(193,'consumable','','CONS-2511-0032','2025-10-16 20:07:03.310107','2025-11-16 20:07:03.311516','2025-11-16 20:07:03.311522',48,NULL,57,NULL,NULL,663217);
INSERT INTO outputs VALUES(194,'other_expense','','EXP-2511-0032','2025-06-25 20:07:03.312065','2025-11-16 20:07:03.313488','2025-11-16 20:07:03.313493',49,NULL,125,NULL,NULL,619638);
INSERT INTO outputs VALUES(195,'client_stock_usage','','MS-USE-2511-0002','2025-09-12 20:07:03.314036','2025-11-16 20:07:03.315784','2025-11-16 20:07:03.315790',48,27,128,NULL,149,691193);
INSERT INTO outputs VALUES(196,'client_stock_usage','','  -USE-2511-0009','2025-07-07 20:07:03.316347','2025-11-16 20:07:03.318105','2025-11-16 20:07:03.318111',47,72,132,NULL,157,369612);
INSERT INTO outputs VALUES(197,'client_stock_usage','','MS-USE-2511-0003','2025-06-24 20:07:03.318748','2025-11-16 20:07:03.320502','2025-11-16 20:07:03.320508',47,27,147,NULL,152,930441);
INSERT INTO outputs VALUES(198,'client_stock_usage','','BRU-USE-2511-0001','2025-06-13 20:07:03.321106','2025-11-16 20:07:03.322848','2025-11-16 20:07:03.322853',50,71,51,NULL,172,536711);
INSERT INTO outputs VALUES(199,'client_stock_usage','','   -USE-2511-0002','2025-10-26 20:07:03.323426','2025-11-16 20:07:03.325170','2025-11-16 20:07:03.325175',50,69,127,NULL,145,3918);
INSERT INTO outputs VALUES(200,'supplier_payment','','PL-PAY-2511-0001','2025-06-18 20:07:03.325742','2025-11-16 20:07:03.327463','2025-11-16 20:07:03.327470',47,82,104,85,NULL,572284);
INSERT INTO outputs VALUES(201,'other_expense','','EXP-2511-0033','2025-09-30 20:07:03.328011','2025-11-16 20:07:03.329591','2025-11-16 20:07:03.329597',50,68,189,NULL,NULL,499583);
INSERT INTO outputs VALUES(202,'global_stock_purchase','','C1-BUY-2511-0001','2025-09-08 20:07:03.330153','2025-11-16 20:07:03.331768','2025-11-16 20:07:03.331776',47,NULL,129,NULL,157,114737);
INSERT INTO outputs VALUES(203,'global_stock_purchase','','C52-BUY-2511-0002','2025-10-01 20:07:03.332404','2025-11-16 20:07:03.334020','2025-11-16 20:07:03.334026',49,NULL,174,NULL,168,451806);
INSERT INTO outputs VALUES(204,'withdrawal','','WD-USE-2511-0032','2025-10-02 20:07:03.334624','2025-11-16 20:07:03.336091','2025-11-16 20:07:03.336096',48,NULL,242,NULL,NULL,56219);
INSERT INTO outputs VALUES(205,'global_stock_purchase','','P2-BUY-2511-0006','2025-07-20 20:07:03.336669','2025-11-16 20:07:03.338268','2025-11-16 20:07:03.338274',49,NULL,95,NULL,172,127028);
INSERT INTO outputs VALUES(206,'other_expense','','EXP-2511-0034','2025-07-28 20:07:03.338815','2025-11-16 20:07:03.340240','2025-11-16 20:07:03.340246',49,NULL,149,NULL,NULL,270263);
INSERT INTO outputs VALUES(207,'consumable','','CONS-2511-0033','2025-07-21 20:07:03.340840','2025-11-16 20:07:03.342325','2025-11-16 20:07:03.342331',48,NULL,186,NULL,NULL,40909);
INSERT INTO outputs VALUES(208,'global_stock_purchase','','C51-BUY-2511-0005','2025-11-05 20:07:03.342887','2025-11-16 20:07:03.344517','2025-11-16 20:07:03.344523',48,NULL,144,NULL,160,551326);
INSERT INTO outputs VALUES(209,'withdrawal','','WD-USE-2511-0033','2025-06-26 20:07:03.345088','2025-11-16 20:07:03.346508','2025-11-16 20:07:03.346514',49,NULL,51,NULL,NULL,142648);
INSERT INTO outputs VALUES(210,'consumable','','CONS-2511-0034','2025-10-19 20:07:03.347056','2025-11-16 20:07:03.348477','2025-11-16 20:07:03.348482',47,NULL,209,NULL,NULL,61452);
INSERT INTO outputs VALUES(211,'other_expense','','EXP-2511-0035','2025-09-18 20:07:03.349056','2025-11-16 20:07:03.350632','2025-11-16 20:07:03.350637',48,71,236,NULL,NULL,168435);
INSERT INTO outputs VALUES(212,'withdrawal','','WD-USE-2511-0034','2025-08-24 20:07:03.351192','2025-11-16 20:07:03.352687','2025-11-16 20:07:03.352693',47,NULL,74,NULL,NULL,22909);
INSERT INTO outputs VALUES(213,'consumable','','CONS-2511-0035','2025-09-06 20:07:03.353313','2025-11-16 20:07:03.354777','2025-11-16 20:07:03.354783',47,NULL,175,NULL,NULL,288937);
INSERT INTO outputs VALUES(214,'supplier_payment','','MP-PAY-2511-0002','2025-07-03 20:07:03.355419','2025-11-16 20:07:03.357163','2025-11-16 20:07:03.357169',49,120,222,94,NULL,500034);
INSERT INTO outputs VALUES(215,'other_expense','','EXP-2511-0036','2025-06-26 20:07:03.357716','2025-11-16 20:07:03.359288','2025-11-16 20:07:03.359293',48,105,134,NULL,NULL,267238);
INSERT INTO outputs VALUES(216,'supplier_payment','','BSC-PAY-2511-0003','2025-10-23 20:07:03.359840','2025-11-16 20:07:03.361575','2025-11-16 20:07:03.361581',50,24,140,97,NULL,326091);
INSERT INTO outputs VALUES(217,'other_expense','','EXP-2511-0037','2025-07-09 20:07:03.362122','2025-11-16 20:07:03.363557','2025-11-16 20:07:03.363563',47,NULL,240,NULL,NULL,281546);
INSERT INTO outputs VALUES(218,'consumable','','CONS-2511-0036','2025-11-12 20:07:03.364132','2025-11-16 20:07:03.365599','2025-11-16 20:07:03.365604',49,NULL,73,NULL,NULL,223249);
INSERT INTO outputs VALUES(219,'other_expense','','EXP-2511-0038','2025-08-24 20:07:03.366275','2025-11-16 20:07:03.368028','2025-11-16 20:07:03.368034',47,86,208,NULL,NULL,785318);
INSERT INTO outputs VALUES(220,'other_expense','','EXP-2511-0039','2025-07-19 20:07:03.368630','2025-11-16 20:07:03.370048','2025-11-16 20:07:03.370053',46,NULL,200,NULL,NULL,314503);
INSERT INTO outputs VALUES(221,'supplier_payment','','CSP-PAY-2511-0003','2025-06-19 20:07:03.370730','2025-11-16 20:07:03.373785','2025-11-16 20:07:03.373790',46,29,52,92,NULL,642255);
INSERT INTO outputs VALUES(222,'withdrawal','','WD-USE-2511-0035','2025-10-24 20:07:03.374634','2025-11-16 20:07:03.376148','2025-11-16 20:07:03.376154',49,NULL,77,NULL,NULL,928971);
INSERT INTO outputs VALUES(223,'consumable','','CONS-2511-0037','2025-05-20 20:07:03.376776','2025-11-16 20:07:03.378413','2025-11-16 20:07:03.378418',49,NULL,65,NULL,NULL,409942);
INSERT INTO outputs VALUES(224,'global_stock_purchase','','C51-BUY-2511-0006','2025-08-27 20:07:03.379037','2025-11-16 20:07:03.380636','2025-11-16 20:07:03.380641',46,NULL,204,NULL,160,410254);
INSERT INTO outputs VALUES(225,'global_stock_purchase','','F2-BUY-2511-0002','2025-07-06 20:07:03.381211','2025-11-16 20:07:03.382802','2025-11-16 20:07:03.382807',46,NULL,80,NULL,167,62429);
INSERT INTO outputs VALUES(226,'global_stock_purchase','','B2-BUY-2511-0001','2025-10-10 20:07:03.383353','2025-11-16 20:07:03.384923','2025-11-16 20:07:03.384928',49,NULL,237,NULL,170,224335);
INSERT INTO outputs VALUES(227,'global_stock_purchase','','P5-BUY-2511-0002','2025-09-19 20:07:03.385549','2025-11-16 20:07:03.387375','2025-11-16 20:07:03.387380',47,NULL,200,NULL,148,159085);
INSERT INTO outputs VALUES(228,'withdrawal','','WD-USE-2511-0036','2025-08-19 20:07:03.388058','2025-11-16 20:07:03.389610','2025-11-16 20:07:03.389616',47,NULL,245,NULL,NULL,557507);
INSERT INTO outputs VALUES(229,'other_expense','','EXP-2511-0040','2025-09-18 20:07:03.390254','2025-11-16 20:07:03.391681','2025-11-16 20:07:03.391687',47,NULL,78,NULL,NULL,19136);
INSERT INTO outputs VALUES(230,'supplier_payment','','AL-PAY-2511-0006','2025-10-01 20:07:03.392301','2025-11-16 20:07:03.394060','2025-11-16 20:07:03.394066',47,83,241,86,NULL,120325);
INSERT INTO outputs VALUES(231,'client_stock_usage','','MOU-USE-2511-0001','2025-11-12 20:07:03.394615','2025-11-16 20:07:03.396432','2025-11-16 20:07:03.396438',49,26,100,NULL,173,159169);
INSERT INTO outputs VALUES(232,'client_stock_usage','','   -USE-2511-0003','2025-10-21 20:07:03.397014','2025-11-16 20:07:03.398783','2025-11-16 20:07:03.398789',46,86,225,NULL,145,51454);
INSERT INTO outputs VALUES(233,'global_stock_purchase','','C2-BUY-2511-0001','2025-07-31 20:07:03.399344','2025-11-16 20:07:03.400919','2025-11-16 20:07:03.400925',46,NULL,117,NULL,165,85642);
INSERT INTO outputs VALUES(234,'client_stock_usage','','   -USE-2511-0004','2025-06-04 20:07:03.401547','2025-11-16 20:07:03.403536','2025-11-16 20:07:03.403542',50,82,189,NULL,152,765348);
INSERT INTO outputs VALUES(235,'other_expense','','EXP-2511-0041','2025-08-14 20:07:03.404268','2025-11-16 20:07:03.406125','2025-11-16 20:07:03.406131',47,NULL,50,NULL,NULL,692941);
INSERT INTO outputs VALUES(236,'client_stock_usage','','  -USE-2511-0010','2025-07-18 20:07:03.406863','2025-11-16 20:07:03.408695','2025-11-16 20:07:03.408701',47,119,165,NULL,145,754602);
INSERT INTO outputs VALUES(237,'global_stock_purchase','','C59-BUY-2511-0002','2025-09-30 20:07:03.409346','2025-11-16 20:07:03.410961','2025-11-16 20:07:03.410967',48,NULL,79,NULL,152,360723);
INSERT INTO outputs VALUES(238,'supplier_payment','','   L-PAY-2511-0003','2025-06-21 20:07:03.411525','2025-11-16 20:07:03.413404','2025-11-16 20:07:03.413410',46,74,78,103,NULL,12590);
INSERT INTO outputs VALUES(239,'supplier_payment','','MP-PAY-2511-0003','2025-10-18 20:07:03.414001','2025-11-16 20:07:03.415772','2025-11-16 20:07:03.415778',49,73,204,94,NULL,173363);
INSERT INTO outputs VALUES(240,'other_expense','','EXP-2511-0042','2025-10-25 20:07:03.416346','2025-11-16 20:07:03.417777','2025-11-16 20:07:03.417783',47,NULL,242,NULL,NULL,608982);
INSERT INTO outputs VALUES(241,'withdrawal','','WD-USE-2511-0037','2025-05-28 20:07:03.418348','2025-11-16 20:07:03.419861','2025-11-16 20:07:03.419866',50,NULL,215,NULL,NULL,546964);
INSERT INTO outputs VALUES(242,'other_expense','','EXP-2511-0043','2025-08-06 20:07:03.420451','2025-11-16 20:07:03.421860','2025-11-16 20:07:03.421865',50,NULL,147,NULL,NULL,101823);
INSERT INTO outputs VALUES(243,'client_stock_usage','','   -USE-2511-0005','2025-10-14 20:07:03.422474','2025-11-16 20:07:03.424272','2025-11-16 20:07:03.424278',47,117,157,NULL,161,432131);
INSERT INTO outputs VALUES(244,'consumable','','CONS-2511-0038','2025-07-01 20:07:03.425026','2025-11-16 20:07:03.426630','2025-11-16 20:07:03.426637',50,NULL,241,NULL,NULL,118489);
INSERT INTO outputs VALUES(245,'withdrawal','','WD-USE-2511-0038','2025-08-31 20:07:03.427242','2025-11-16 20:07:03.428672','2025-11-16 20:07:03.428678',46,NULL,190,NULL,NULL,114490);
INSERT INTO outputs VALUES(246,'consumable','','CONS-2511-0039','2025-07-12 20:07:03.429234','2025-11-16 20:07:03.430675','2025-11-16 20:07:03.430680',50,NULL,163,NULL,NULL,178936);
INSERT INTO outputs VALUES(247,'supplier_payment','','AL-PAY-2511-0007','2025-09-20 20:07:03.431237','2025-11-16 20:07:03.432986','2025-11-16 20:07:03.432992',49,107,64,98,NULL,157411);
INSERT INTO outputs VALUES(248,'global_stock_purchase','','S2-BUY-2511-0003','2025-10-11 20:07:03.433905','2025-11-16 20:07:03.435620','2025-11-16 20:07:03.435626',46,NULL,68,NULL,145,211049);
INSERT INTO outputs VALUES(249,'other_expense','','EXP-2511-0044','2025-09-03 20:07:03.436406','2025-11-16 20:07:03.437868','2025-11-16 20:07:03.437873',50,NULL,93,NULL,NULL,710079);
INSERT INTO outputs VALUES(250,'client_stock_usage','','  -USE-2511-0011','2025-08-03 20:07:03.438542','2025-11-16 20:07:03.440336','2025-11-16 20:07:03.440342',49,90,218,NULL,144,778595);
INSERT INTO outputs VALUES(251,'consumable','','CONS-2511-0040','2025-08-03 20:07:03.441022','2025-11-16 20:07:03.442489','2025-11-16 20:07:03.442495',50,NULL,206,NULL,NULL,881986);
INSERT INTO outputs VALUES(252,'withdrawal','','WD-USE-2511-0039','2025-10-05 20:07:03.443123','2025-11-16 20:07:03.444590','2025-11-16 20:07:03.444595',46,NULL,82,NULL,NULL,177784);
INSERT INTO outputs VALUES(253,'withdrawal','','WD-USE-2511-0040','2025-06-24 20:07:03.445255','2025-11-16 20:07:03.446698','2025-11-16 20:07:03.446703',48,NULL,165,NULL,NULL,604617);
INSERT INTO outputs VALUES(254,'withdrawal','','WD-USE-2511-0041','2025-10-14 20:07:03.447424','2025-11-16 20:07:03.448909','2025-11-16 20:07:03.448914',47,NULL,204,NULL,NULL,664666);
INSERT INTO outputs VALUES(255,'withdrawal','','WD-USE-2511-0042','2025-06-11 20:07:03.449497','2025-11-16 20:07:03.450916','2025-11-16 20:07:03.450922',50,NULL,204,NULL,NULL,161059);
INSERT INTO outputs VALUES(256,'client_stock_usage','','AB-USE-2511-0002','2025-06-05 20:07:03.451472','2025-11-16 20:07:03.453323','2025-11-16 20:07:03.453328',50,54,209,NULL,160,471255);
INSERT INTO outputs VALUES(257,'consumable','','CONS-2511-0041','2025-06-29 20:07:03.453917','2025-11-16 20:07:03.455309','2025-11-16 20:07:03.455315',50,NULL,228,NULL,NULL,556428);
INSERT INTO outputs VALUES(258,'other_expense','','EXP-2511-0045','2025-08-30 20:07:03.455866','2025-11-16 20:07:03.457301','2025-11-16 20:07:03.457306',48,NULL,186,NULL,NULL,25650);
INSERT INTO outputs VALUES(259,'global_stock_purchase','','P1-BUY-2511-0003','2025-11-06 20:07:03.457959','2025-11-16 20:07:03.459599','2025-11-16 20:07:03.459605',48,NULL,137,NULL,158,546715);
INSERT INTO outputs VALUES(260,'client_stock_usage','','   -USE-2511-0006','2025-10-10 20:07:03.460225','2025-11-16 20:07:03.461964','2025-11-16 20:07:03.461970',49,106,132,NULL,161,717631);
INSERT INTO outputs VALUES(261,'global_stock_purchase','','F81-BUY-2511-0001','2025-05-20 20:07:03.462549','2025-11-16 20:07:03.464093','2025-11-16 20:07:03.464099',50,NULL,96,NULL,155,30125);
INSERT INTO outputs VALUES(262,'consumable','','CONS-2511-0042','2025-07-18 20:07:03.464688','2025-11-16 20:07:03.466114','2025-11-16 20:07:03.466120',50,NULL,247,NULL,NULL,697286);
INSERT INTO outputs VALUES(263,'global_stock_purchase','','F1-BUY-2511-0001','2025-09-26 20:07:03.466666','2025-11-16 20:07:03.468240','2025-11-16 20:07:03.468246',50,NULL,215,NULL,159,163496);
INSERT INTO outputs VALUES(264,'consumable','','CONS-2511-0043','2025-09-25 20:07:03.468929','2025-11-16 20:07:03.470404','2025-11-16 20:07:03.470410',50,NULL,84,NULL,NULL,568712);
INSERT INTO outputs VALUES(265,'global_stock_purchase','','F1-BUY-2511-0002','2025-11-16 20:07:03.470994','2025-11-16 20:07:03.472595','2025-11-16 20:07:03.472600',50,NULL,110,NULL,159,408638);
INSERT INTO outputs VALUES(266,'client_stock_usage','','  -USE-2511-0012','2025-07-08 20:07:03.473197','2025-11-16 20:07:03.474935','2025-11-16 20:07:03.474941',48,62,177,NULL,160,296712);
INSERT INTO outputs VALUES(267,'supplier_payment','','CSP-PAY-2511-0004','2025-08-26 20:07:03.475507','2025-11-16 20:07:03.477282','2025-11-16 20:07:03.477288',49,68,90,92,NULL,281715);
INSERT INTO outputs VALUES(268,'other_expense','','EXP-2511-0046','2025-08-28 20:07:03.477853','2025-11-16 20:07:03.479264','2025-11-16 20:07:03.479270',47,NULL,228,NULL,NULL,373230);
INSERT INTO outputs VALUES(269,'withdrawal','','WD-USE-2511-0043','2025-08-08 20:07:03.479883','2025-11-16 20:07:03.481309','2025-11-16 20:07:03.481315',50,NULL,246,NULL,NULL,861124);
INSERT INTO outputs VALUES(270,'withdrawal','','WD-USE-2511-0044','2025-11-10 20:07:03.481960','2025-11-16 20:07:03.483547','2025-11-16 20:07:03.483553',48,NULL,129,NULL,NULL,26693);
INSERT INTO outputs VALUES(271,'client_stock_usage','',' GR-USE-2511-0003','2025-07-22 20:07:03.484169','2025-11-16 20:07:03.485963','2025-11-16 20:07:03.485969',48,122,169,NULL,156,8987);
INSERT INTO outputs VALUES(272,'supplier_payment','','AC-PAY-2511-0004','2025-06-30 20:07:03.486538','2025-11-16 20:07:03.488250','2025-11-16 20:07:03.488256',49,42,103,101,NULL,440192);
INSERT INTO outputs VALUES(273,'withdrawal','','WD-USE-2511-0045','2025-11-16 20:07:03.488811','2025-11-16 20:07:03.490274','2025-11-16 20:07:03.490280',49,NULL,119,NULL,NULL,579435);
INSERT INTO outputs VALUES(274,'client_stock_usage','','   -USE-2511-0007','2025-10-12 20:07:03.490858','2025-11-16 20:07:03.492605','2025-11-16 20:07:03.492611',49,81,162,NULL,172,290816);
INSERT INTO outputs VALUES(275,'client_stock_usage','','ML-USE-2511-0001','2025-07-19 20:07:03.493265','2025-11-16 20:07:03.495048','2025-11-16 20:07:03.495054',49,113,133,NULL,145,627164);
INSERT INTO outputs VALUES(276,'consumable','','CONS-2511-0044','2025-08-31 20:07:03.495642','2025-11-16 20:07:03.497052','2025-11-16 20:07:03.497058',46,NULL,179,NULL,NULL,390257);
INSERT INTO outputs VALUES(277,'client_stock_usage','','  -USE-2511-0013','2025-06-29 20:07:03.497611','2025-11-16 20:07:03.499322','2025-11-16 20:07:03.499328',46,118,92,NULL,152,237269);
INSERT INTO outputs VALUES(278,'other_expense','','EXP-2511-0047','2025-09-21 20:07:03.499884','2025-11-16 20:07:03.501467','2025-11-16 20:07:03.501473',50,46,172,NULL,NULL,101718);
INSERT INTO outputs VALUES(279,'supplier_payment','','CSP-PAY-2511-0005','2025-10-18 20:07:03.502041','2025-11-16 20:07:03.503805','2025-11-16 20:07:03.503811',46,37,66,92,NULL,719857);
INSERT INTO outputs VALUES(280,'client_stock_usage','','TLS-USE-2511-0003','2025-08-04 20:07:03.504353','2025-11-16 20:07:03.506102','2025-11-16 20:07:03.506108',50,93,123,NULL,172,113655);
INSERT INTO outputs VALUES(281,'supplier_payment','','GP-PAY-2511-0005','2025-11-06 20:07:03.506728','2025-11-16 20:07:03.508489','2025-11-16 20:07:03.508495',48,29,220,91,NULL,614091);
INSERT INTO outputs VALUES(282,'client_stock_usage','','JG-USE-2511-0001','2025-08-30 20:07:03.509057','2025-11-16 20:07:03.510886','2025-11-16 20:07:03.510893',50,76,223,NULL,150,45094);
INSERT INTO outputs VALUES(283,'withdrawal','','WD-USE-2511-0046','2025-09-09 20:07:03.511536','2025-11-16 20:07:03.513172','2025-11-16 20:07:03.513178',46,NULL,178,NULL,NULL,846883);
INSERT INTO outputs VALUES(284,'other_expense','','EXP-2511-0048','2025-10-27 20:07:03.513817','2025-11-16 20:07:03.515570','2025-11-16 20:07:03.515577',48,69,214,NULL,NULL,972105);
INSERT INTO outputs VALUES(285,'client_stock_usage','','RAM-USE-2511-0001','2025-06-10 20:07:03.516217','2025-11-16 20:07:03.518218','2025-11-16 20:07:03.518225',49,68,115,NULL,166,58506);
INSERT INTO outputs VALUES(286,'consumable','','CONS-2511-0045','2025-08-03 20:07:03.519003','2025-11-16 20:07:03.521098','2025-11-16 20:07:03.521104',49,NULL,75,NULL,NULL,493865);
INSERT INTO outputs VALUES(287,'consumable','','CONS-2511-0046','2025-05-22 20:07:03.521923','2025-11-16 20:07:03.523600','2025-11-16 20:07:03.523606',50,NULL,153,NULL,NULL,618389);
INSERT INTO outputs VALUES(288,'withdrawal','','WD-USE-2511-0047','2025-08-25 20:07:03.524323','2025-11-16 20:07:03.526173','2025-11-16 20:07:03.526179',46,NULL,125,NULL,NULL,991753);
INSERT INTO outputs VALUES(289,'supplier_payment','','GEFC-PAY-2511-0002','2025-09-17 20:07:03.527565','2025-11-16 20:07:03.529893','2025-11-16 20:07:03.529899',50,95,217,96,NULL,775647);
INSERT INTO outputs VALUES(290,'other_expense','','EXP-2511-0049','2025-10-24 20:07:03.530752','2025-11-16 20:07:03.532546','2025-11-16 20:07:03.532552',47,63,74,NULL,NULL,92910);
INSERT INTO outputs VALUES(291,'consumable','','CONS-2511-0047','2025-10-14 20:07:03.533226','2025-11-16 20:07:03.534780','2025-11-16 20:07:03.534785',49,NULL,189,NULL,NULL,35965);
INSERT INTO outputs VALUES(292,'consumable','','CONS-2511-0048','2025-06-06 20:07:03.535417','2025-11-16 20:07:03.536885','2025-11-16 20:07:03.536891',46,NULL,50,NULL,NULL,257313);
INSERT INTO outputs VALUES(293,'withdrawal','','WD-USE-2511-0048','2025-09-17 20:07:03.537465','2025-11-16 20:07:03.538989','2025-11-16 20:07:03.538995',47,NULL,115,NULL,NULL,1189);
INSERT INTO outputs VALUES(294,'withdrawal','','WD-USE-2511-0049','2025-06-30 20:07:03.539624','2025-11-16 20:07:03.541131','2025-11-16 20:07:03.541137',46,NULL,61,NULL,NULL,90622);
INSERT INTO outputs VALUES(295,'client_stock_usage','','   -USE-2511-0008','2025-11-10 20:07:03.541729','2025-11-16 20:07:03.543806','2025-11-16 20:07:03.543812',47,43,134,NULL,152,10105);
INSERT INTO outputs VALUES(296,'other_expense','','EXP-2511-0050','2025-05-28 20:07:03.544413','2025-11-16 20:07:03.545866','2025-11-16 20:07:03.545871',48,NULL,150,NULL,NULL,289291);
INSERT INTO outputs VALUES(297,'global_stock_purchase','','F1-BUY-2511-0003','2025-10-11 20:07:03.546423','2025-11-16 20:07:03.548029','2025-11-16 20:07:03.548035',50,NULL,214,NULL,159,257101);
INSERT INTO outputs VALUES(298,'withdrawal','','WD-USE-2511-0050','2025-07-22 20:07:03.548612','2025-11-16 20:07:03.550053','2025-11-16 20:07:03.550059',48,NULL,99,NULL,NULL,376690);
INSERT INTO outputs VALUES(299,'other_expense','','EXP-2511-0051','2025-09-13 20:07:03.550653','2025-11-16 20:07:03.552175','2025-11-16 20:07:03.552181',50,NULL,177,NULL,NULL,446168);
INSERT INTO outputs VALUES(300,'consumable','','CONS-2511-0049','2025-06-03 20:07:03.552845','2025-11-16 20:07:03.554294','2025-11-16 20:07:03.554299',49,NULL,161,NULL,NULL,29473);
INSERT INTO outputs VALUES(301,'supplier_payment','','AQ-PAY-2511-0003','2025-10-05 20:07:03.554873','2025-11-16 20:07:03.556637','2025-11-16 20:07:03.556642',49,29,135,102,NULL,366085);
INSERT INTO outputs VALUES(302,'consumable','','CONS-2511-0050','2025-09-10 20:07:03.557203','2025-11-16 20:07:03.558632','2025-11-16 20:07:03.558638',46,NULL,134,NULL,NULL,7629);
INSERT INTO outputs VALUES(303,'other_expense','','EXP-2511-0052','2025-08-18 20:07:03.559195','2025-11-16 20:07:03.560775','2025-11-16 20:07:03.560781',50,41,130,NULL,NULL,617319);
INSERT INTO outputs VALUES(304,'global_stock_purchase','','P2-BUY-2511-0007','2025-10-31 20:07:03.561381','2025-11-16 20:07:03.563042','2025-11-16 20:07:03.563048',46,NULL,171,NULL,166,709155);
INSERT INTO outputs VALUES(305,'other_expense','','EXP-2511-0053','2025-11-03 20:07:03.563659','2025-11-16 20:07:03.565445','2025-11-16 20:07:03.565451',47,30,103,NULL,NULL,538986);
INSERT INTO outputs VALUES(306,'withdrawal','','WD-USE-2511-0051','2025-06-07 20:07:03.566159','2025-11-16 20:07:03.567858','2025-11-16 20:07:03.567864',46,NULL,245,NULL,NULL,330314);
INSERT INTO outputs VALUES(307,'consumable','','CONS-2511-0051','2025-10-13 20:07:03.568590','2025-11-16 20:07:03.570198','2025-11-16 20:07:03.570204',46,NULL,179,NULL,NULL,547601);
INSERT INTO outputs VALUES(308,'global_stock_purchase','','P5-BUY-2511-0003','2025-10-12 20:07:03.570810','2025-11-16 20:07:03.572438','2025-11-16 20:07:03.572444',46,NULL,182,NULL,148,486601);
INSERT INTO outputs VALUES(309,'consumable','','CONS-2511-0052','2025-08-03 20:07:03.573050','2025-11-16 20:07:03.574499','2025-11-16 20:07:03.574506',46,NULL,214,NULL,NULL,353844);
INSERT INTO outputs VALUES(310,'consumable','','CONS-2511-0053','2025-06-08 20:07:03.575111','2025-11-16 20:07:03.576569','2025-11-16 20:07:03.576575',46,NULL,58,NULL,NULL,839589);
INSERT INTO outputs VALUES(311,'global_stock_purchase','','C51-BUY-2511-0007','2025-08-08 20:07:03.577120','2025-11-16 20:07:03.578712','2025-11-16 20:07:03.578718',47,NULL,190,NULL,160,110383);
INSERT INTO outputs VALUES(312,'client_stock_usage','','FS-USE-2511-0001','2025-05-29 20:07:03.579281','2025-11-16 20:07:03.581033','2025-11-16 20:07:03.581040',50,64,176,NULL,172,734450);
INSERT INTO outputs VALUES(313,'withdrawal','','WD-USE-2511-0052','2025-10-17 20:07:03.581607','2025-11-16 20:07:03.583035','2025-11-16 20:07:03.583041',46,NULL,147,NULL,NULL,14266);
INSERT INTO outputs VALUES(314,'client_stock_usage','',' IN-USE-2511-0001','2025-10-23 20:07:03.583596','2025-11-16 20:07:03.585354','2025-11-16 20:07:03.585360',47,96,167,NULL,166,682321);
INSERT INTO outputs VALUES(315,'client_stock_usage','','  -USE-2511-0014','2025-05-24 20:07:03.586065','2025-11-16 20:07:03.587873','2025-11-16 20:07:03.587879',48,62,153,NULL,157,297695);
INSERT INTO outputs VALUES(316,'withdrawal','','WD-USE-2511-0053','2025-05-30 20:07:03.588463','2025-11-16 20:07:03.589902','2025-11-16 20:07:03.589908',48,NULL,97,NULL,NULL,524203);
INSERT INTO outputs VALUES(317,'withdrawal','','WD-USE-2511-0054','2025-08-16 20:07:03.590505','2025-11-16 20:07:03.591936','2025-11-16 20:07:03.591942',46,NULL,180,NULL,NULL,723075);
CREATE TABLE IF NOT EXISTS "stock_movements" ("id" integer NOT NULL PRIMARY KEY AUTOINCREMENT, "movement_type" varchar(3) NOT NULL, "quantity" decimal NOT NULL, "date" datetime NOT NULL, "created_at" datetime NOT NULL, "created_by_id" bigint NULL REFERENCES "users" ("id") DEFERRABLE INITIALLY DEFERRED, "order_id" bigint NULL REFERENCES "orders" ("id") DEFERRABLE INITIALLY DEFERRED, "product_id" bigint NOT NULL REFERENCES "products" ("id") DEFERRABLE INITIALLY DEFERRED, "price" decimal NOT NULL, "created_by_output_id" bigint NULL REFERENCES "outputs" ("id") DEFERRABLE INITIALLY DEFERRED);
INSERT INTO stock_movements VALUES(29,'out',92,'2025-05-30 20:07:03.592475','2025-11-16 20:07:03.593207',48,102,149,2523,NULL);
INSERT INTO stock_movements VALUES(30,'out',28,'2025-07-27 20:07:03.593698','2025-11-16 20:07:03.594315',49,116,152,368,NULL);
INSERT INTO stock_movements VALUES(31,'in',83,'2025-06-06 20:07:03.594752','2025-11-16 20:07:03.595201',48,NULL,157,7699,NULL);
INSERT INTO stock_movements VALUES(32,'in',73,'2025-07-08 20:07:03.595627','2025-11-16 20:07:03.596079',46,NULL,164,2756,NULL);
INSERT INTO stock_movements VALUES(33,'out',98,'2025-07-12 20:07:03.596508','2025-11-16 20:07:03.597123',48,35,162,3233,NULL);
INSERT INTO stock_movements VALUES(34,'out',63,'2025-10-11 20:07:03.597669','2025-11-16 20:07:03.598522',49,80,170,1821,58);
INSERT INTO stock_movements VALUES(35,'out',97,'2025-08-13 20:07:03.599038','2025-11-16 20:07:03.599963',49,62,168,3862,270);
INSERT INTO stock_movements VALUES(36,'in',92,'2025-09-19 20:07:03.600479','2025-11-16 20:07:03.600980',48,NULL,154,7210,NULL);
INSERT INTO stock_movements VALUES(37,'in',70,'2025-06-20 20:07:03.601447','2025-11-16 20:07:03.601941',49,NULL,158,2186,NULL);
INSERT INTO stock_movements VALUES(38,'in',12,'2025-10-03 20:07:03.602438','2025-11-16 20:07:03.602995',49,NULL,166,3352,NULL);
INSERT INTO stock_movements VALUES(39,'out',32,'2025-05-27 20:07:03.603546','2025-11-16 20:07:03.604403',47,86,164,1729,241);
INSERT INTO stock_movements VALUES(40,'out',65,'2025-11-13 20:07:03.604892','2025-11-16 20:07:03.605580',49,98,153,6879,NULL);
INSERT INTO stock_movements VALUES(41,'in',39,'2025-10-21 20:07:03.606129','2025-11-16 20:07:03.606627',46,NULL,146,2495,NULL);
INSERT INTO stock_movements VALUES(42,'in',7,'2025-11-01 20:07:03.607088','2025-11-16 20:07:03.607563',47,NULL,152,4951,NULL);
INSERT INTO stock_movements VALUES(43,'in',80,'2025-09-24 20:07:03.607994','2025-11-16 20:07:03.608459',48,NULL,161,3117,NULL);
INSERT INTO stock_movements VALUES(44,'out',25,'2025-09-15 20:07:03.608879','2025-11-16 20:07:03.609656',47,49,147,6146,317);
INSERT INTO stock_movements VALUES(45,'out',52,'2025-09-20 20:07:03.610077','2025-11-16 20:07:03.610729',46,40,147,7739,NULL);
INSERT INTO stock_movements VALUES(46,'out',53,'2025-10-12 20:07:03.611174','2025-11-16 20:07:03.611959',46,56,147,9868,176);
INSERT INTO stock_movements VALUES(47,'in',25,'2025-06-30 20:07:03.612392','2025-11-16 20:07:03.612847',49,NULL,157,4131,NULL);
INSERT INTO stock_movements VALUES(48,'in',66,'2025-08-23 20:07:03.613263','2025-11-16 20:07:03.613708',47,NULL,146,9000,NULL);
INSERT INTO stock_movements VALUES(49,'in',43,'2025-08-21 20:07:03.614146','2025-11-16 20:07:03.614600',50,NULL,171,998,NULL);
INSERT INTO stock_movements VALUES(50,'out',93,'2025-10-26 20:07:03.615023','2025-11-16 20:07:03.615808',47,63,151,3120,120);
INSERT INTO stock_movements VALUES(51,'out',17,'2025-08-06 20:07:03.616228','2025-11-16 20:07:03.616860',50,82,147,614,NULL);
INSERT INTO stock_movements VALUES(52,'out',94,'2025-08-04 20:07:03.617370','2025-11-16 20:07:03.618188',47,33,145,1341,43);
INSERT INTO stock_movements VALUES(53,'in',96,'2025-07-03 20:07:03.618653','2025-11-16 20:07:03.619187',49,NULL,170,5280,NULL);
INSERT INTO stock_movements VALUES(54,'in',14,'2025-11-15 20:07:03.619733','2025-11-16 20:07:03.620236',47,NULL,171,2792,NULL);
INSERT INTO stock_movements VALUES(55,'out',87,'2025-06-23 20:07:03.620713','2025-11-16 20:07:03.621352',47,104,164,9255,NULL);
INSERT INTO stock_movements VALUES(56,'in',77,'2025-06-15 20:07:03.621849','2025-11-16 20:07:03.622319',46,NULL,168,1022,NULL);
INSERT INTO stock_movements VALUES(57,'out',91,'2025-07-07 20:07:03.622756','2025-11-16 20:07:03.623424',46,92,162,6200,NULL);
INSERT INTO stock_movements VALUES(58,'out',82,'2025-09-20 20:07:03.623870','2025-11-16 20:07:03.624482',47,87,147,8325,NULL);
INSERT INTO stock_movements VALUES(59,'in',74,'2025-08-16 20:07:03.624904','2025-11-16 20:07:03.625353',49,NULL,146,4697,NULL);
INSERT INTO stock_movements VALUES(60,'out',26,'2025-08-26 20:07:03.625770','2025-11-16 20:07:03.626387',50,62,146,7007,NULL);
INSERT INTO stock_movements VALUES(61,'in',2,'2025-09-22 20:07:03.626816','2025-11-16 20:07:03.627297',46,NULL,167,5612,NULL);
INSERT INTO stock_movements VALUES(62,'in',36,'2025-05-23 20:07:03.627800','2025-11-16 20:07:03.628281',50,NULL,171,4780,NULL);
INSERT INTO stock_movements VALUES(63,'out',93,'2025-10-09 20:07:03.628727','2025-11-16 20:07:03.629510',47,85,144,5000,31);
INSERT INTO stock_movements VALUES(64,'out',12,'2025-08-20 20:07:03.629942','2025-11-16 20:07:03.630549',46,54,163,6268,NULL);
INSERT INTO stock_movements VALUES(65,'in',52,'2025-06-28 20:07:03.630973','2025-11-16 20:07:03.631419',47,NULL,164,9225,NULL);
INSERT INTO stock_movements VALUES(66,'out',58,'2025-09-13 20:07:03.631825','2025-11-16 20:07:03.632629',48,121,160,5090,122);
INSERT INTO stock_movements VALUES(67,'in',97,'2025-06-18 20:07:03.633128','2025-11-16 20:07:03.633657',46,NULL,153,4906,NULL);
INSERT INTO stock_movements VALUES(68,'in',41,'2025-09-10 20:07:03.634128','2025-11-16 20:07:03.634610',46,NULL,170,4682,NULL);
INSERT INTO stock_movements VALUES(69,'in',24,'2025-10-12 20:07:03.635035','2025-11-16 20:07:03.635498',47,NULL,171,9226,NULL);
INSERT INTO stock_movements VALUES(70,'in',35,'2025-07-08 20:07:03.635935','2025-11-16 20:07:03.636374',48,NULL,165,147,NULL);
INSERT INTO stock_movements VALUES(71,'out',88,'2025-07-13 20:07:03.636788','2025-11-16 20:07:03.637400',49,109,170,6486,NULL);
INSERT INTO stock_movements VALUES(72,'out',22,'2025-09-21 20:07:03.637818','2025-11-16 20:07:03.638614',48,107,150,2512,257);
INSERT INTO stock_movements VALUES(73,'out',30,'2025-09-25 20:07:03.639075','2025-11-16 20:07:03.639681',48,69,163,9841,NULL);
INSERT INTO stock_movements VALUES(74,'in',16,'2025-11-07 20:07:03.640111','2025-11-16 20:07:03.640556',47,NULL,159,7328,NULL);
INSERT INTO stock_movements VALUES(75,'out',44,'2025-05-26 20:07:03.640971','2025-11-16 20:07:03.641571',46,103,163,6185,NULL);
INSERT INTO stock_movements VALUES(76,'out',43,'2025-08-21 20:07:03.642007','2025-11-16 20:07:03.642605',50,44,165,5036,NULL);
INSERT INTO stock_movements VALUES(77,'out',40,'2025-07-02 20:07:03.643029','2025-11-16 20:07:03.643624',48,95,157,265,NULL);
INSERT INTO stock_movements VALUES(78,'in',41,'2025-06-30 20:07:03.644044','2025-11-16 20:07:03.644509',49,NULL,157,2454,NULL);
INSERT INTO stock_movements VALUES(79,'in',40,'2025-07-24 20:07:03.644995','2025-11-16 20:07:03.645479',50,NULL,150,8954,NULL);
INSERT INTO stock_movements VALUES(80,'in',71,'2025-07-28 20:07:03.645921','2025-11-16 20:07:03.646373',48,NULL,153,5394,NULL);
INSERT INTO stock_movements VALUES(81,'out',38,'2025-10-31 20:07:03.646796','2025-11-16 20:07:03.647551',47,86,170,588,269);
INSERT INTO stock_movements VALUES(82,'in',2,'2025-10-24 20:07:03.647979','2025-11-16 20:07:03.648426',48,NULL,166,1228,NULL);
INSERT INTO stock_movements VALUES(83,'in',2,'2025-06-03 20:07:03.648871','2025-11-16 20:07:03.649318',49,NULL,146,5248,NULL);
INSERT INTO stock_movements VALUES(84,'out',64,'2025-08-23 20:07:03.649740','2025-11-16 20:07:03.650367',48,39,144,7455,NULL);
INSERT INTO stock_movements VALUES(85,'in',94,'2025-07-31 20:07:03.650990','2025-11-16 20:07:03.651482',47,NULL,170,9807,NULL);
INSERT INTO stock_movements VALUES(86,'out',91,'2025-07-17 20:07:03.651977','2025-11-16 20:07:03.652606',50,57,156,154,NULL);
INSERT INTO stock_movements VALUES(87,'out',57,'2025-10-10 20:07:03.653040','2025-11-16 20:07:03.653796',49,53,172,1568,63);
INSERT INTO stock_movements VALUES(88,'in',20,'2025-06-09 20:07:03.654239','2025-11-16 20:07:03.654687',48,NULL,168,3925,NULL);
INSERT INTO stock_movements VALUES(89,'out',4,'2025-08-26 20:07:03.655183','2025-11-16 20:07:03.655823',47,95,151,7572,NULL);
INSERT INTO stock_movements VALUES(90,'in',12,'2025-08-06 20:07:03.656268','2025-11-16 20:07:03.656737',49,NULL,163,2131,NULL);
INSERT INTO stock_movements VALUES(91,'out',10,'2025-07-12 20:07:03.657165','2025-11-16 20:07:03.657915',46,115,153,7004,140);
INSERT INTO stock_movements VALUES(92,'in',33,'2025-06-27 20:07:03.658344','2025-11-16 20:07:03.658794',49,NULL,164,3412,NULL);
INSERT INTO stock_movements VALUES(93,'out',96,'2025-09-28 20:07:03.659424','2025-11-16 20:07:03.660194',48,85,145,4927,162);
INSERT INTO stock_movements VALUES(94,'out',24,'2025-06-18 20:07:03.660631','2025-11-16 20:07:03.661270',50,96,166,8734,NULL);
INSERT INTO stock_movements VALUES(95,'in',8,'2025-07-20 20:07:03.661770','2025-11-16 20:07:03.662247',48,NULL,165,1652,NULL);
INSERT INTO stock_movements VALUES(96,'out',88,'2025-09-23 20:07:03.662792','2025-11-16 20:07:03.663431',48,116,152,8245,NULL);
INSERT INTO stock_movements VALUES(97,'in',56,'2025-10-12 20:07:03.663914','2025-11-16 20:07:03.664381',46,NULL,152,9278,NULL);
INSERT INTO stock_movements VALUES(98,'out',62,'2025-09-17 20:07:03.664878','2025-11-16 20:07:03.665673',47,94,150,6222,223);
INSERT INTO stock_movements VALUES(99,'in',91,'2025-08-21 20:07:03.666102','2025-11-16 20:07:03.666575',48,NULL,158,2827,NULL);
INSERT INTO stock_movements VALUES(100,'out',6,'2025-08-04 20:07:03.667020','2025-11-16 20:07:03.667772',49,120,164,2148,66);
INSERT INTO stock_movements VALUES(101,'in',35,'2025-08-27 20:07:03.668189','2025-11-16 20:07:03.668700',48,NULL,167,1195,NULL);
INSERT INTO stock_movements VALUES(102,'in',13,'2025-09-21 20:07:03.669147','2025-11-16 20:07:03.669591',46,NULL,164,8506,NULL);
INSERT INTO stock_movements VALUES(103,'out',28,'2025-08-31 20:07:03.670009','2025-11-16 20:07:03.670609',46,51,151,5098,NULL);
INSERT INTO stock_movements VALUES(104,'out',52,'2025-09-01 20:07:03.671017','2025-11-16 20:07:03.671618',46,77,145,8168,NULL);
INSERT INTO stock_movements VALUES(105,'in',18,'2025-06-20 20:07:03.672074','2025-11-16 20:07:03.672565',47,NULL,150,3551,NULL);
INSERT INTO stock_movements VALUES(106,'out',12,'2025-05-29 20:07:03.673045','2025-11-16 20:07:03.673653',49,113,159,7720,NULL);
INSERT INTO stock_movements VALUES(107,'in',44,'2025-06-19 20:07:03.674067','2025-11-16 20:07:03.674511',48,NULL,157,8863,NULL);
INSERT INTO stock_movements VALUES(108,'in',43,'2025-08-11 20:07:03.674948','2025-11-16 20:07:03.675389',46,NULL,152,9680,NULL);
INSERT INTO stock_movements VALUES(109,'out',20,'2025-07-18 20:07:03.675807','2025-11-16 20:07:03.676552',46,63,147,8017,74);
INSERT INTO stock_movements VALUES(110,'out',76,'2025-08-02 20:07:03.676974','2025-11-16 20:07:03.677584',48,31,159,4060,NULL);
INSERT INTO stock_movements VALUES(111,'out',79,'2025-11-07 20:07:03.678055','2025-11-16 20:07:03.678852',46,59,159,9798,257);
INSERT INTO stock_movements VALUES(112,'in',10,'2025-06-13 20:07:03.679312','2025-11-16 20:07:03.679768',48,NULL,167,816,NULL);
INSERT INTO stock_movements VALUES(113,'in',13,'2025-11-13 20:07:03.680167','2025-11-16 20:07:03.680606',46,NULL,158,2093,NULL);
INSERT INTO stock_movements VALUES(114,'out',17,'2025-11-06 20:07:03.681019','2025-11-16 20:07:03.681607',47,101,148,3005,NULL);
INSERT INTO stock_movements VALUES(115,'out',93,'2025-10-23 20:07:03.682020','2025-11-16 20:07:03.682780',49,108,157,8877,307);
INSERT INTO stock_movements VALUES(116,'in',47,'2025-06-13 20:07:03.683255','2025-11-16 20:07:03.683735',46,NULL,154,3585,NULL);
INSERT INTO stock_movements VALUES(117,'in',84,'2025-10-16 20:07:03.684167','2025-11-16 20:07:03.684625',46,NULL,165,4167,NULL);
INSERT INTO stock_movements VALUES(118,'out',96,'2025-10-10 20:07:03.685042','2025-11-16 20:07:03.685811',49,59,169,6116,242);
INSERT INTO stock_movements VALUES(119,'out',26,'2025-08-07 20:07:03.686225','2025-11-16 20:07:03.686830',47,108,171,6291,NULL);
INSERT INTO stock_movements VALUES(120,'out',69,'2025-10-13 20:07:03.687256','2025-11-16 20:07:03.688008',50,34,153,5821,57);
INSERT INTO stock_movements VALUES(121,'out',17,'2025-08-10 20:07:03.688421','2025-11-16 20:07:03.689042',46,115,163,8346,NULL);
INSERT INTO stock_movements VALUES(122,'in',29,'2025-06-28 20:07:03.689536','2025-11-16 20:07:03.690023',46,NULL,156,9514,NULL);
INSERT INTO stock_movements VALUES(123,'in',8,'2025-09-01 20:07:03.690476','2025-11-16 20:07:03.690939',49,NULL,155,161,NULL);
INSERT INTO stock_movements VALUES(124,'in',32,'2025-10-25 20:07:03.691356','2025-11-16 20:07:03.691808',49,NULL,161,2086,NULL);
INSERT INTO stock_movements VALUES(125,'out',35,'2025-08-19 20:07:03.692249','2025-11-16 20:07:03.692849',46,84,145,9035,NULL);
INSERT INTO stock_movements VALUES(126,'in',62,'2025-07-30 20:07:03.693276','2025-11-16 20:07:03.693719',48,NULL,152,4959,NULL);
INSERT INTO stock_movements VALUES(127,'out',29,'2025-07-26 20:07:03.694137','2025-11-16 20:07:03.694946',47,26,171,5000,227);
INSERT INTO stock_movements VALUES(128,'in',45,'2025-06-26 20:07:03.695420','2025-11-16 20:07:03.695889',48,NULL,144,2056,NULL);
INSERT INTO stock_movements VALUES(129,'in',98,'2025-08-12 20:07:03.696318','2025-11-16 20:07:03.696767',47,NULL,170,8888,NULL);
INSERT INTO stock_movements VALUES(130,'out',38,'2025-09-23 20:07:03.697188','2025-11-16 20:07:03.697934',48,115,152,3626,147);
INSERT INTO stock_movements VALUES(131,'in',50,'2025-10-11 20:07:03.698352','2025-11-16 20:07:03.698797',46,NULL,162,9196,NULL);
INSERT INTO stock_movements VALUES(132,'out',5,'2025-09-24 20:07:03.699212','2025-11-16 20:07:03.699807',49,96,167,4198,NULL);
INSERT INTO stock_movements VALUES(133,'out',18,'2025-09-27 20:07:03.700301','2025-11-16 20:07:03.700936',46,62,168,8961,NULL);
INSERT INTO stock_movements VALUES(134,'in',24,'2025-07-04 20:07:03.701383','2025-11-16 20:07:03.701841',46,NULL,154,7868,NULL);
INSERT INTO stock_movements VALUES(135,'out',77,'2025-10-27 20:07:03.702272','2025-11-16 20:07:03.703026',50,114,148,7739,173);
INSERT INTO stock_movements VALUES(136,'in',71,'2025-06-14 20:07:03.703480','2025-11-16 20:07:03.703922',49,NULL,149,2765,NULL);
INSERT INTO stock_movements VALUES(137,'in',64,'2025-09-03 20:07:03.704332','2025-11-16 20:07:03.704782',48,NULL,157,9461,NULL);
INSERT INTO stock_movements VALUES(138,'in',98,'2025-06-05 20:07:03.705211','2025-11-16 20:07:03.705660',50,NULL,151,1583,NULL);
INSERT INTO stock_movements VALUES(139,'in',95,'2025-06-04 20:07:03.706181','2025-11-16 20:07:03.706663',48,NULL,164,1290,NULL);
INSERT INTO stock_movements VALUES(140,'out',26,'2025-09-18 20:07:03.707096','2025-11-16 20:07:03.707851',49,96,144,8713,26);
INSERT INTO stock_movements VALUES(141,'out',79,'2025-11-15 20:07:03.708298','2025-11-16 20:07:03.709060',46,63,149,5218,258);
INSERT INTO stock_movements VALUES(142,'out',34,'2025-10-19 20:07:03.709523','2025-11-16 20:07:03.710275',49,86,144,4224,155);
INSERT INTO stock_movements VALUES(143,'in',41,'2025-08-15 20:07:03.710715','2025-11-16 20:07:03.711182',48,NULL,156,1479,NULL);
INSERT INTO stock_movements VALUES(144,'out',58,'2025-08-05 20:07:03.711712','2025-11-16 20:07:03.712501',48,36,159,4522,204);
INSERT INTO stock_movements VALUES(145,'out',58,'2025-07-10 20:07:03.712964','2025-11-16 20:07:03.713572',50,84,147,7716,NULL);
INSERT INTO stock_movements VALUES(146,'in',93,'2025-11-12 20:07:03.713988','2025-11-16 20:07:03.714435',48,NULL,150,680,NULL);
INSERT INTO stock_movements VALUES(147,'in',46,'2025-10-25 20:07:03.714892','2025-11-16 20:07:03.715335',50,NULL,170,2126,NULL);
INSERT INTO stock_movements VALUES(148,'in',74,'2025-09-19 20:07:03.715756','2025-11-16 20:07:03.716205',50,NULL,166,6879,NULL);
INSERT INTO stock_movements VALUES(149,'in',6,'2025-11-01 20:07:03.716636','2025-11-16 20:07:03.717112',48,NULL,148,4316,NULL);
INSERT INTO stock_movements VALUES(150,'out',55,'2025-11-03 20:07:03.717615','2025-11-16 20:07:03.718425',46,45,156,1153,127);
INSERT INTO stock_movements VALUES(151,'out',22,'2025-07-14 20:07:03.718886','2025-11-16 20:07:03.719485',49,112,146,534,NULL);
INSERT INTO stock_movements VALUES(152,'out',23,'2025-07-31 20:07:03.719942','2025-11-16 20:07:03.720686',47,98,160,1130,73);
INSERT INTO stock_movements VALUES(153,'out',87,'2025-07-03 20:07:03.721117','2025-11-16 20:07:03.721854',49,26,144,8897,109);
INSERT INTO stock_movements VALUES(154,'out',3,'2025-09-08 20:07:03.722322','2025-11-16 20:07:03.723122',46,30,147,9387,199);
INSERT INTO stock_movements VALUES(155,'out',46,'2025-10-17 20:07:03.723570','2025-11-16 20:07:03.724325',50,112,156,1102,264);
INSERT INTO stock_movements VALUES(156,'out',6,'2025-09-05 20:07:03.724763','2025-11-16 20:07:03.725512',49,83,165,2925,171);
INSERT INTO stock_movements VALUES(157,'in',14,'2025-08-05 20:07:03.725935','2025-11-16 20:07:03.726391',46,NULL,160,8143,NULL);
INSERT INTO stock_movements VALUES(158,'in',29,'2025-08-23 20:07:03.726811','2025-11-16 20:07:03.727259',49,NULL,157,3507,NULL);
INSERT INTO stock_movements VALUES(159,'in',84,'2025-07-16 20:07:03.727683','2025-11-16 20:07:03.728133',50,NULL,153,1137,NULL);
INSERT INTO stock_movements VALUES(160,'out',35,'2025-08-21 20:07:03.728564','2025-11-16 20:07:03.729338',48,116,167,843,164);
INSERT INTO stock_movements VALUES(161,'out',88,'2025-08-24 20:07:03.729859','2025-11-16 20:07:03.730633',49,47,162,9189,313);
INSERT INTO stock_movements VALUES(162,'in',71,'2025-11-07 20:07:03.731081','2025-11-16 20:07:03.731537',46,NULL,164,6528,NULL);
INSERT INTO stock_movements VALUES(163,'out',39,'2025-08-02 20:07:03.731976','2025-11-16 20:07:03.732727',47,29,165,6006,309);
INSERT INTO stock_movements VALUES(164,'out',18,'2025-06-05 20:07:03.733172','2025-11-16 20:07:03.733762',47,104,144,9353,NULL);
INSERT INTO stock_movements VALUES(165,'in',4,'2025-07-23 20:07:03.734261','2025-11-16 20:07:03.734745',47,NULL,159,7638,NULL);
INSERT INTO stock_movements VALUES(166,'out',69,'2025-07-30 20:07:03.735242','2025-11-16 20:07:03.736010',50,102,155,6729,172);
INSERT INTO stock_movements VALUES(167,'in',6,'2025-06-03 20:07:03.736440','2025-11-16 20:07:03.736887',46,NULL,166,2522,NULL);
INSERT INTO stock_movements VALUES(168,'out',66,'2025-10-22 20:07:03.737325','2025-11-16 20:07:03.737921',48,26,167,259,NULL);
INSERT INTO stock_movements VALUES(169,'out',71,'2025-10-20 20:07:03.738349','2025-11-16 20:07:03.738943',50,115,155,6125,NULL);
INSERT INTO stock_movements VALUES(170,'out',12,'2025-05-31 20:07:03.739367','2025-11-16 20:07:03.740183',46,72,162,4354,90);
INSERT INTO stock_movements VALUES(171,'out',7,'2025-07-10 20:07:03.740657','2025-11-16 20:07:03.741254',50,83,162,5442,NULL);
INSERT INTO stock_movements VALUES(172,'in',28,'2025-09-28 20:07:03.741676','2025-11-16 20:07:03.742134',48,NULL,169,6612,NULL);
INSERT INTO stock_movements VALUES(173,'in',78,'2025-07-03 20:07:03.742551','2025-11-16 20:07:03.743000',50,NULL,158,7432,NULL);
INSERT INTO stock_movements VALUES(174,'in',47,'2025-10-30 20:07:03.743422','2025-11-16 20:07:03.743863',50,NULL,151,5883,NULL);
INSERT INTO stock_movements VALUES(175,'in',63,'2025-06-01 20:07:03.744296','2025-11-16 20:07:03.744738',48,NULL,165,2327,NULL);
INSERT INTO stock_movements VALUES(176,'out',26,'2025-10-18 20:07:03.745210','2025-11-16 20:07:03.745997',46,37,163,1113,44);
INSERT INTO stock_movements VALUES(177,'out',6,'2025-07-24 20:07:03.746436','2025-11-16 20:07:03.747029',49,36,162,7570,NULL);
INSERT INTO stock_movements VALUES(178,'out',45,'2025-08-29 20:07:03.747448','2025-11-16 20:07:03.748048',48,53,172,5912,NULL);
INSERT INTO stock_movements VALUES(179,'out',82,'2025-08-31 20:07:03.748474','2025-11-16 20:07:03.749072',46,38,146,4784,NULL);
INSERT INTO stock_movements VALUES(180,'in',59,'2025-09-02 20:07:03.749486','2025-11-16 20:07:03.749938',46,NULL,172,1625,NULL);
INSERT INTO stock_movements VALUES(181,'out',67,'2025-07-17 20:07:03.750365','2025-11-16 20:07:03.751154',49,111,167,3131,20);
INSERT INTO stock_movements VALUES(182,'out',96,'2025-05-21 20:07:03.751635','2025-11-16 20:07:03.752499',48,27,151,118,249);
INSERT INTO stock_movements VALUES(183,'out',9,'2025-06-20 20:07:03.752967','2025-11-16 20:07:03.753568',50,120,148,7122,NULL);
INSERT INTO stock_movements VALUES(184,'in',70,'2025-10-15 20:07:03.753995','2025-11-16 20:07:03.754446',48,NULL,166,1374,NULL);
INSERT INTO stock_movements VALUES(185,'in',37,'2025-08-10 20:07:03.754871','2025-11-16 20:07:03.755313',48,NULL,159,5313,NULL);
INSERT INTO stock_movements VALUES(186,'in',40,'2025-10-11 20:07:03.755743','2025-11-16 20:07:03.756189',48,NULL,165,9264,NULL);
INSERT INTO stock_movements VALUES(187,'in',84,'2025-08-02 20:07:03.756726','2025-11-16 20:07:03.757213',49,NULL,171,769,NULL);
INSERT INTO stock_movements VALUES(188,'out',35,'2025-09-20 20:07:03.757706','2025-11-16 20:07:03.758477',48,78,149,7370,253);
INSERT INTO stock_movements VALUES(189,'out',20,'2025-10-29 20:07:03.758915','2025-11-16 20:07:03.759512',48,87,169,4963,NULL);
INSERT INTO stock_movements VALUES(190,'in',9,'2025-11-07 20:07:03.759973','2025-11-16 20:07:03.760418',49,NULL,166,6738,NULL);
INSERT INTO stock_movements VALUES(191,'in',98,'2025-10-03 20:07:03.760841','2025-11-16 20:07:03.761302',49,NULL,163,1868,NULL);
INSERT INTO stock_movements VALUES(192,'in',44,'2025-08-05 20:07:03.761818','2025-11-16 20:07:03.762274',49,NULL,148,3747,NULL);
INSERT INTO stock_movements VALUES(193,'in',6,'2025-09-14 20:07:03.762840','2025-11-16 20:07:03.763353',49,NULL,171,9691,NULL);
INSERT INTO stock_movements VALUES(194,'in',95,'2025-08-03 20:07:03.763914','2025-11-16 20:07:03.764385',50,NULL,154,9075,NULL);
INSERT INTO stock_movements VALUES(195,'in',39,'2025-09-05 20:07:03.764890','2025-11-16 20:07:03.765351',48,NULL,161,6629,NULL);
INSERT INTO stock_movements VALUES(196,'in',53,'2025-08-26 20:07:03.765857','2025-11-16 20:07:03.766315',46,NULL,151,8626,NULL);
INSERT INTO stock_movements VALUES(197,'in',21,'2025-06-29 20:07:03.766811','2025-11-16 20:07:03.767271',47,NULL,160,6919,NULL);
INSERT INTO stock_movements VALUES(198,'in',63,'2025-09-19 20:07:03.767796','2025-11-16 20:07:03.768269',47,NULL,157,5508,NULL);
INSERT INTO stock_movements VALUES(199,'out',39,'2025-10-19 20:07:03.768848','2025-11-16 20:07:03.769632',48,76,170,878,303);
INSERT INTO stock_movements VALUES(200,'out',16,'2025-05-28 20:07:03.770129','2025-11-16 20:07:03.770909',46,108,148,5710,256);
INSERT INTO stock_movements VALUES(201,'out',58,'2025-10-13 20:07:03.771393','2025-11-16 20:07:03.771993',46,47,168,3874,NULL);
INSERT INTO stock_movements VALUES(202,'out',61,'2025-08-09 20:07:03.772434','2025-11-16 20:07:03.773030',46,54,151,4887,NULL);
INSERT INTO stock_movements VALUES(203,'out',44,'2025-08-13 20:07:03.773531','2025-11-16 20:07:03.774321',46,92,170,9023,125);
INSERT INTO stock_movements VALUES(204,'out',68,'2025-09-11 20:07:03.774782','2025-11-16 20:07:03.775390',50,120,173,431,NULL);
INSERT INTO stock_movements VALUES(205,'out',97,'2025-09-10 20:07:03.775819','2025-11-16 20:07:03.776570',49,112,156,7158,224);
INSERT INTO stock_movements VALUES(206,'out',22,'2025-06-16 20:07:03.777006','2025-11-16 20:07:03.777606',46,119,166,7196,NULL);
INSERT INTO stock_movements VALUES(207,'in',97,'2025-07-17 20:07:03.778046','2025-11-16 20:07:03.778499',48,NULL,170,8577,NULL);
INSERT INTO stock_movements VALUES(208,'out',57,'2025-09-19 20:07:03.778952','2025-11-16 20:07:03.779753',46,35,145,7647,213);
INSERT INTO stock_movements VALUES(209,'in',18,'2025-06-13 20:07:03.780202','2025-11-16 20:07:03.780646',46,NULL,156,6884,NULL);
INSERT INTO stock_movements VALUES(210,'in',24,'2025-11-10 20:07:03.781061','2025-11-16 20:07:03.781518',49,NULL,145,8805,NULL);
INSERT INTO stock_movements VALUES(211,'in',14,'2025-08-26 20:07:03.782031','2025-11-16 20:07:03.782520',49,NULL,160,3565,NULL);
INSERT INTO stock_movements VALUES(212,'in',55,'2025-06-17 20:07:03.782984','2025-11-16 20:07:03.783464',48,NULL,157,7519,NULL);
INSERT INTO stock_movements VALUES(213,'out',87,'2025-10-26 20:07:03.783924','2025-11-16 20:07:03.784783',49,113,150,3004,263);
INSERT INTO stock_movements VALUES(214,'in',49,'2025-08-01 20:07:03.785469','2025-11-16 20:07:03.785948',50,NULL,158,2332,NULL);
INSERT INTO stock_movements VALUES(215,'out',34,'2025-09-05 20:07:03.786383','2025-11-16 20:07:03.787137',47,75,172,3272,222);
INSERT INTO stock_movements VALUES(216,'in',58,'2025-06-28 20:07:03.787569','2025-11-16 20:07:03.788018',48,NULL,169,9563,NULL);
INSERT INTO stock_movements VALUES(217,'in',70,'2025-07-13 20:07:03.788438','2025-11-16 20:07:03.788888',50,NULL,163,4774,NULL);
INSERT INTO stock_movements VALUES(218,'out',64,'2025-09-22 20:07:03.789323','2025-11-16 20:07:03.790093',46,24,144,1199,266);
INSERT INTO stock_movements VALUES(219,'in',83,'2025-10-25 20:07:03.790581','2025-11-16 20:07:03.791030',47,NULL,169,3240,NULL);
INSERT INTO stock_movements VALUES(220,'in',77,'2025-07-14 20:07:03.791457','2025-11-16 20:07:03.791912',49,NULL,169,874,NULL);
INSERT INTO stock_movements VALUES(221,'out',64,'2025-10-30 20:07:03.792341','2025-11-16 20:07:03.793086',49,38,152,6881,37);
INSERT INTO stock_movements VALUES(222,'in',96,'2025-08-25 20:07:03.793509','2025-11-16 20:07:03.793954',50,NULL,145,8087,NULL);
INSERT INTO stock_movements VALUES(223,'out',86,'2025-06-13 20:07:03.794377','2025-11-16 20:07:03.795129',46,81,158,1891,172);
INSERT INTO stock_movements VALUES(224,'out',94,'2025-10-31 20:07:03.795555','2025-11-16 20:07:03.796362',50,53,167,2675,189);
INSERT INTO stock_movements VALUES(225,'in',10,'2025-07-17 20:07:03.796835','2025-11-16 20:07:03.797282',46,NULL,160,6597,NULL);
INSERT INTO stock_movements VALUES(226,'out',88,'2025-07-21 20:07:03.797717','2025-11-16 20:07:03.798464',50,108,146,1868,24);
INSERT INTO stock_movements VALUES(227,'out',90,'2025-06-13 20:07:03.798891','2025-11-16 20:07:03.799640',46,85,157,7144,267);
INSERT INTO stock_movements VALUES(228,'out',67,'2025-11-07 20:07:03.800064','2025-11-16 20:07:03.800664',50,26,173,7821,NULL);
CREATE TABLE IF NOT EXISTS "django_session" ("session_key" varchar(40) NOT NULL PRIMARY KEY, "session_data" text NOT NULL, "expire_date" datetime NOT NULL);
INSERT INTO django_session VALUES('fns3s87p6sdtyp0q2hugnl05uk6ckn1o','.eJxVjDsOwjAQRO_iGln-yR9Kes5g7XoXHEC2FCcV4u4kUgpoppj3Zt4iw7rUvA6e80TiLLQ4_XYI5cltB_SAdu-y9LbME8pdkQcd8tqJX5fD_TuoMOq2LjGh4sDKOFfQGIabUuTBRu2RikpbYNQmeVusBQINKlrnQwohRufE5wvvgTeW:1vD0mG:tmMcw55IPflWl9VBAPOV5A3vVvi3PoySrmnJ5tLnAt0','2025-11-09 13:27:20.175868');
INSERT INTO django_session VALUES('wnxtfcezlm1r0e2pux95z3mqtj01s6qb','.eJxVjDsOwjAQRO_iGln-yR9Kes5g7XoXHEC2FCcV4u4kUgpoppj3Zt4iw7rUvA6e80TiLLQ4_XYI5cltB_SAdu-y9LbME8pdkQcd8tqJX5fD_TuoMOq2LjGh4sDKOFfQGIabUuTBRu2RikpbYNQmeVusBQINKlrnQwohRufE5wvvgTeW:1vEcgy:WT0KnR8c6BgcbeVHeBI6Fp8loq0ONykuBfsarEZmAVo','2025-11-14 00:08:32.265360');
INSERT INTO django_session VALUES('cwk5uugw6p9a9b30gj4kgeuadwv5cpx1','.eJxVjEEOwiAUBe_C2hCgRYpL9z0DeZ8PUjU0Ke3KeHdt0oVu38y8lwjY1hK2lpYwsbgILU6_GyE-Ut0B31Fvs4xzXZeJ5K7IgzY5zpye18P9Oyho5Vu7XtsueWaV4PJZG2W184NheGWzhzY0REJvmbjjbDqOIJDpPUHDQbw_4lQ4pw:1vNtqm:uD_HgCCulloh3jqmVwsbnHjobioBLmMOT97DevAA36s','2025-12-09 14:17:00.970329');
CREATE TABLE IF NOT EXISTS "orders" ("id" integer NOT NULL PRIMARY KEY AUTOINCREMENT, "order_number" varchar(50) NOT NULL UNIQUE, "total_amount" decimal NOT NULL, "status" varchar(20) NOT NULL, "description" text NOT NULL, "delivery_date" date NULL, "created_at" datetime NOT NULL, "updated_at" datetime NOT NULL, "client_id" bigint NOT NULL REFERENCES "clients" ("id") DEFERRABLE INITIALLY DEFERRED, "order_date" datetime NOT NULL);
INSERT INTO orders VALUES(23,'TLS-ORD-2511-0001',6824018,'completed','','2025-06-25','2025-11-16 20:06:59.594681','2025-11-16 20:06:59.594687',278,'2025-06-19 20:06:59.593424');
INSERT INTO orders VALUES(24,'  -ORD-2511-0001',4185587,'completed','','2025-08-11','2025-11-16 20:06:59.596190','2025-11-16 20:06:59.596196',246,'2025-08-08 20:06:59.595477');
INSERT INTO orders VALUES(25,'CS-ORD-2511-0001',6300209,'in_progress','','2025-12-06','2025-11-16 20:06:59.597642','2025-11-16 20:06:59.597648',247,'2025-11-12 20:06:59.596862');
INSERT INTO orders VALUES(26,'MOU-ORD-2511-0001',6460909,'completed','','2025-08-16','2025-11-16 20:06:59.598838','2025-11-16 20:06:59.598843',255,'2025-08-05 20:06:59.598152');
INSERT INTO orders VALUES(27,'MS-ORD-2511-0001',6762817,'completed','','2025-09-25','2025-11-16 20:06:59.599956','2025-11-16 20:06:59.599962',264,'2025-08-28 20:06:59.599303');
INSERT INTO orders VALUES(28,'  -ORD-2511-0002',317983,'cancelled','','2025-09-16','2025-11-16 20:06:59.601361','2025-11-16 20:06:59.601367',268,'2025-09-11 20:06:59.600629');
INSERT INTO orders VALUES(29,' -ORD-2511-0001',1976380,'completed','','2025-07-06','2025-11-16 20:06:59.602801','2025-11-16 20:06:59.602807',245,'2025-06-27 20:06:59.601942');
INSERT INTO orders VALUES(30,'  -ORD-2511-0003',781278,'in_progress','','2025-09-07','2025-11-16 20:06:59.604045','2025-11-16 20:06:59.604051',235,'2025-08-12 20:06:59.603344');
INSERT INTO orders VALUES(31,'CS-ORD-2511-0002',1443781,'completed','',NULL,'2025-11-16 20:06:59.605491','2025-11-16 20:06:59.605498',272,'2025-06-07 20:06:59.604634');
INSERT INTO orders VALUES(32,'ML-ORD-2511-0001',3868500,'completed','','2025-06-08','2025-11-16 20:06:59.606722','2025-11-16 20:06:59.606727',233,'2025-05-27 20:06:59.606051');
INSERT INTO orders VALUES(33,'AB-ORD-2511-0001',1428912,'completed','',NULL,'2025-11-16 20:06:59.607851','2025-11-16 20:06:59.607858',236,'2025-10-02 20:06:59.607200');
INSERT INTO orders VALUES(34,'  -ORD-2511-0004',7949779,'completed','','2025-06-12','2025-11-16 20:06:59.608925','2025-11-16 20:06:59.608931',256,'2025-05-27 20:06:59.608300');
INSERT INTO orders VALUES(35,'CHR-ORD-2511-0001',2357461,'in_progress','','2025-07-14','2025-11-16 20:06:59.609991','2025-11-16 20:06:59.609997',260,'2025-07-03 20:06:59.609366');
INSERT INTO orders VALUES(36,' GR-ORD-2511-0001',5034092,'pending','','2025-11-04','2025-11-16 20:06:59.611025','2025-11-16 20:06:59.611030',280,'2025-10-20 20:06:59.610433');
INSERT INTO orders VALUES(37,'  -ORD-2511-0005',1520815,'completed','','2025-11-03','2025-11-16 20:06:59.612090','2025-11-16 20:06:59.612096',277,'2025-10-19 20:06:59.611472');
INSERT INTO orders VALUES(38,'AB-ORD-2511-0002',8249889,'cancelled','',NULL,'2025-11-16 20:06:59.613139','2025-11-16 20:06:59.613145',236,'2025-10-18 20:06:59.612533');
INSERT INTO orders VALUES(39,'  -ORD-2511-0006',6792661,'completed','','2025-07-14','2025-11-16 20:06:59.614450','2025-11-16 20:06:59.614456',246,'2025-07-11 20:06:59.613719');
INSERT INTO orders VALUES(40,'  -ORD-2511-0007',1899508,'completed','',NULL,'2025-11-16 20:06:59.615564','2025-11-16 20:06:59.615570',254,'2025-08-09 20:06:59.614932');
INSERT INTO orders VALUES(41,'  -ORD-2511-0008',9805996,'in_progress','','2025-10-19','2025-11-16 20:06:59.616808','2025-11-16 20:06:59.616814',277,'2025-10-12 20:06:59.616186');
INSERT INTO orders VALUES(42,'   -ORD-2511-0001',5183175,'completed','','2025-07-28','2025-11-16 20:06:59.617865','2025-11-16 20:06:59.617871',273,'2025-07-12 20:06:59.617250');
INSERT INTO orders VALUES(43,'   -ORD-2511-0002',1197442,'completed','',NULL,'2025-11-16 20:06:59.619054','2025-11-16 20:06:59.619062',275,'2025-06-05 20:06:59.618325');
INSERT INTO orders VALUES(44,' IN-ORD-2511-0001',4706807,'completed','','2025-08-15','2025-11-16 20:06:59.620371','2025-11-16 20:06:59.620376',263,'2025-07-22 20:06:59.619684');
INSERT INTO orders VALUES(45,' IN-ORD-2511-0002',9198146,'completed','','2025-07-28','2025-11-16 20:06:59.621484','2025-11-16 20:06:59.621490',263,'2025-07-25 20:06:59.620846');
INSERT INTO orders VALUES(46,'MOU-ORD-2511-0002',3776939,'completed','','2025-11-13','2025-11-16 20:06:59.622594','2025-11-16 20:06:59.622600',255,'2025-10-18 20:06:59.621957');
INSERT INTO orders VALUES(47,'LLP-ORD-2511-0001',776905,'completed','','2025-07-31','2025-11-16 20:06:59.623631','2025-11-16 20:06:59.623637',270,'2025-07-03 20:06:59.623029');
INSERT INTO orders VALUES(48,'   -ORD-2511-0003',315664,'completed','',NULL,'2025-11-16 20:06:59.624709','2025-11-16 20:06:59.624714',241,'2025-07-01 20:06:59.624090');
INSERT INTO orders VALUES(49,'  -ORD-2511-0009',671688,'completed','',NULL,'2025-11-16 20:06:59.625959','2025-11-16 20:06:59.625965',274,'2025-09-19 20:06:59.625257');
INSERT INTO orders VALUES(50,'MS-ORD-2511-0002',7297445,'completed','','2025-10-13','2025-11-16 20:06:59.627088','2025-11-16 20:06:59.627094',264,'2025-09-13 20:06:59.626453');
INSERT INTO orders VALUES(51,'   -ORD-2511-0004',673488,'completed','','2025-10-08','2025-11-16 20:06:59.628140','2025-11-16 20:06:59.628146',237,'2025-10-07 20:06:59.627528');
INSERT INTO orders VALUES(52,'LR-ORD-2511-0001',9692962,'completed','',NULL,'2025-11-16 20:06:59.629202','2025-11-16 20:06:59.629208',279,'2025-09-20 20:06:59.628596');
INSERT INTO orders VALUES(53,' -ORD-2511-0002',4224029,'completed','',NULL,'2025-11-16 20:06:59.630309','2025-11-16 20:06:59.630315',245,'2025-06-18 20:06:59.629654');
INSERT INTO orders VALUES(54,'AB-ORD-2511-0003',7274557,'in_progress','','2025-06-27','2025-11-16 20:06:59.631419','2025-11-16 20:06:59.631424',236,'2025-06-06 20:06:59.630795');
INSERT INTO orders VALUES(55,'LLP-ORD-2511-0002',677209,'completed','',NULL,'2025-11-16 20:06:59.632527','2025-11-16 20:06:59.632533',270,'2025-05-27 20:06:59.631890');
INSERT INTO orders VALUES(56,'  -ORD-2511-0010',6072866,'completed','','2025-07-31','2025-11-16 20:06:59.633631','2025-11-16 20:06:59.633637',269,'2025-07-16 20:06:59.632997');
INSERT INTO orders VALUES(57,'FDA-ORD-2511-0001',4745801,'pending','','2025-07-14','2025-11-16 20:06:59.634702','2025-11-16 20:06:59.634708',234,'2025-06-15 20:06:59.634079');
INSERT INTO orders VALUES(58,'   -ORD-2511-0005',2302715,'completed','','2025-07-24','2025-11-16 20:06:59.635810','2025-11-16 20:06:59.635815',242,'2025-06-27 20:06:59.635158');
INSERT INTO orders VALUES(59,'  -ORD-2511-0011',4410948,'completed','',NULL,'2025-11-16 20:06:59.637094','2025-11-16 20:06:59.637100',254,'2025-08-20 20:06:59.636395');
INSERT INTO orders VALUES(60,'AB-ORD-2511-0004',6968267,'completed','','2025-10-30','2025-11-16 20:06:59.638217','2025-11-16 20:06:59.638223',236,'2025-10-24 20:06:59.637587');
INSERT INTO orders VALUES(61,'UNK-ORD-2511-0001',5797257,'completed','','2025-07-08','2025-11-16 20:06:59.639267','2025-11-16 20:06:59.639272',240,'2025-06-19 20:06:59.638656');
INSERT INTO orders VALUES(62,'  -ORD-2511-0012',3124675,'completed','','2025-07-05','2025-11-16 20:06:59.640364','2025-11-16 20:06:59.640370',267,'2025-06-12 20:06:59.639719');
INSERT INTO orders VALUES(63,'GDM-ORD-2511-0001',9611437,'completed','',NULL,'2025-11-16 20:06:59.641588','2025-11-16 20:06:59.641594',239,'2025-10-13 20:06:59.640895');
INSERT INTO orders VALUES(64,'FS-ORD-2511-0001',7367514,'completed','','2025-07-26','2025-11-16 20:06:59.642906','2025-11-16 20:06:59.642912',244,'2025-07-10 20:06:59.642152');
INSERT INTO orders VALUES(65,'  -ORD-2511-0013',1590012,'completed','',NULL,'2025-11-16 20:06:59.644149','2025-11-16 20:06:59.644155',262,'2025-11-12 20:06:59.643462');
INSERT INTO orders VALUES(66,' -ORD-2511-0003',2835352,'completed','','2025-09-11','2025-11-16 20:06:59.645290','2025-11-16 20:06:59.645296',245,'2025-08-22 20:06:59.644623');
INSERT INTO orders VALUES(67,' -ORD-2511-0004',7600617,'completed','','2025-09-04','2025-11-16 20:06:59.646584','2025-11-16 20:06:59.646590',245,'2025-09-01 20:06:59.645829');
INSERT INTO orders VALUES(68,'RAM-ORD-2511-0001',5074111,'pending','',NULL,'2025-11-16 20:06:59.647740','2025-11-16 20:06:59.647746',261,'2025-07-07 20:06:59.647120');
INSERT INTO orders VALUES(69,'   -ORD-2511-0006',9107184,'pending','',NULL,'2025-11-16 20:06:59.648880','2025-11-16 20:06:59.648886',241,'2025-10-20 20:06:59.648253');
INSERT INTO orders VALUES(70,'  -ORD-2511-0014',8956672,'in_progress','',NULL,'2025-11-16 20:06:59.649938','2025-11-16 20:06:59.649944',253,'2025-09-24 20:06:59.649323');
INSERT INTO orders VALUES(71,'BRU-ORD-2511-0001',3784391,'completed','',NULL,'2025-11-16 20:06:59.651007','2025-11-16 20:06:59.651013',251,'2025-06-08 20:06:59.650402');
INSERT INTO orders VALUES(72,'  -ORD-2511-0015',6471199,'pending','',NULL,'2025-11-16 20:06:59.652253','2025-11-16 20:06:59.652261',254,'2025-05-21 20:06:59.651508');
INSERT INTO orders VALUES(73,'  -ORD-2511-0016',801647,'completed','','2025-08-06','2025-11-16 20:06:59.653433','2025-11-16 20:06:59.653438',276,'2025-07-10 20:06:59.652803');
INSERT INTO orders VALUES(74,'   -ORD-2511-0007',5317693,'completed','',NULL,'2025-11-16 20:06:59.654493','2025-11-16 20:06:59.654499',275,'2025-08-22 20:06:59.653883');
INSERT INTO orders VALUES(75,'  -ORD-2511-0017',8422442,'pending','','2025-07-27','2025-11-16 20:06:59.655553','2025-11-16 20:06:59.655559',277,'2025-06-29 20:06:59.654931');
INSERT INTO orders VALUES(76,'JG-ORD-2511-0001',4915401,'completed','','2025-06-18','2025-11-16 20:06:59.656598','2025-11-16 20:06:59.656603',265,'2025-06-01 20:06:59.655991');
INSERT INTO orders VALUES(77,'   -ORD-2511-0008',8443108,'cancelled','','2025-08-02','2025-11-16 20:06:59.657708','2025-11-16 20:06:59.657714',275,'2025-07-21 20:06:59.657097');
INSERT INTO orders VALUES(78,'   -ORD-2511-0009',5162114,'completed','','2025-11-16','2025-11-16 20:06:59.658926','2025-11-16 20:06:59.658931',237,'2025-10-23 20:06:59.658241');
INSERT INTO orders VALUES(79,'MG-ORD-2511-0001',2067591,'completed','','2025-11-11','2025-11-16 20:06:59.660031','2025-11-16 20:06:59.660036',249,'2025-10-28 20:06:59.659405');
INSERT INTO orders VALUES(80,'UNK-ORD-2511-0002',1434371,'completed','','2025-07-06','2025-11-16 20:06:59.661089','2025-11-16 20:06:59.661095',240,'2025-06-20 20:06:59.660469');
INSERT INTO orders VALUES(81,'   -ORD-2511-0010',8852940,'completed','',NULL,'2025-11-16 20:06:59.662146','2025-11-16 20:06:59.662152',241,'2025-07-29 20:06:59.661540');
INSERT INTO orders VALUES(82,'   -ORD-2511-0011',303753,'pending','','2025-06-07','2025-11-16 20:06:59.663286','2025-11-16 20:06:59.663292',266,'2025-06-02 20:06:59.662637');
INSERT INTO orders VALUES(83,'LEG-ORD-2511-0001',9083055,'completed','',NULL,'2025-11-16 20:06:59.664339','2025-11-16 20:06:59.664345',238,'2025-06-08 20:06:59.663752');
INSERT INTO orders VALUES(84,' -ORD-2511-0005',1438557,'pending','',NULL,'2025-11-16 20:06:59.665385','2025-11-16 20:06:59.665390',245,'2025-05-23 20:06:59.664772');
INSERT INTO orders VALUES(85,'LR-ORD-2511-0002',973815,'completed','','2025-11-16','2025-11-16 20:06:59.666439','2025-11-24 21:47:42.603208',279,'2025-11-08 20:06:59.665816');
INSERT INTO orders VALUES(86,'   -ORD-2511-0012',3739994,'in_progress','','2025-05-27','2025-11-16 20:06:59.667532','2025-11-24 21:41:00.428176',258,'2025-05-21 20:06:59.666908');
INSERT INTO orders VALUES(87,'AB-ORD-2511-0005',5803958,'completed','',NULL,'2025-11-16 20:06:59.668606','2025-11-16 20:06:59.668612',236,'2025-08-27 20:06:59.667986');
INSERT INTO orders VALUES(88,'FS-ORD-2511-0002',7307057,'in_progress','','2025-10-22','2025-11-16 20:06:59.669861','2025-11-24 21:47:57.293329',244,'2025-10-15 20:06:59.669170');
INSERT INTO orders VALUES(89,'   -ORD-2511-0013',4161460,'cancelled','','2025-10-11','2025-11-16 20:06:59.670964','2025-11-16 20:06:59.670969',281,'2025-09-29 20:06:59.670335');
INSERT INTO orders VALUES(90,'  -ORD-2511-0018',2866972,'completed','',NULL,'2025-11-16 20:06:59.672023','2025-11-16 20:06:59.672028',235,'2025-06-02 20:06:59.671402');
INSERT INTO orders VALUES(91,'  -ORD-2511-0019',4021145,'completed','',NULL,'2025-11-16 20:06:59.673101','2025-11-16 20:06:59.673107',277,'2025-06-07 20:06:59.672482');
INSERT INTO orders VALUES(92,'  -ORD-2511-0020',8714951,'cancelled','',NULL,'2025-11-16 20:06:59.674175','2025-11-16 20:06:59.674180',269,'2025-07-27 20:06:59.673557');
INSERT INTO orders VALUES(93,'TLS-ORD-2511-0002',4336028,'completed','','2025-09-09','2025-11-16 20:06:59.675311','2025-11-16 20:06:59.675316',278,'2025-09-01 20:06:59.674685');
INSERT INTO orders VALUES(94,'  -ORD-2511-0021',7597748,'pending','',NULL,'2025-11-16 20:06:59.676365','2025-11-16 20:06:59.676371',276,'2025-09-14 20:06:59.675754');
INSERT INTO orders VALUES(95,'CS-ORD-2511-0003',6199764,'completed','','2025-08-15','2025-11-16 20:06:59.677414','2025-11-16 20:06:59.677420',272,'2025-07-18 20:06:59.676800');
INSERT INTO orders VALUES(96,' IN-ORD-2511-0003',5232174,'completed','','2025-09-20','2025-11-16 20:06:59.678465','2025-11-16 20:06:59.678470',263,'2025-09-10 20:06:59.677857');
INSERT INTO orders VALUES(97,'  -ORD-2511-0022',9523749,'completed','','2025-10-19','2025-11-16 20:06:59.679523','2025-11-16 20:06:59.679529',276,'2025-10-11 20:06:59.678910');
INSERT INTO orders VALUES(98,'LR-ORD-2511-0003',1763167,'completed','','2025-09-19','2025-11-16 20:06:59.680734','2025-11-16 20:06:59.680740',279,'2025-08-24 20:06:59.680062');
INSERT INTO orders VALUES(99,'  -ORD-2511-0023',2011788,'pending','','2025-07-17','2025-11-16 20:06:59.681844','2025-11-16 20:06:59.681849',253,'2025-06-23 20:06:59.681218');
INSERT INTO orders VALUES(100,'  A-ORD-2511-0001',5803778,'completed','',NULL,'2025-11-16 20:06:59.682872','2025-11-16 20:06:59.682878',259,'2025-11-09 20:06:59.682278');
INSERT INTO orders VALUES(101,'  -ORD-2511-0024',8799062,'completed','','2025-09-20','2025-11-16 20:06:59.683920','2025-11-16 20:06:59.683925',277,'2025-09-18 20:06:59.683305');
INSERT INTO orders VALUES(102,'UNK-ORD-2511-0003',7189486,'completed','','2025-07-02','2025-11-16 20:06:59.685061','2025-11-16 20:06:59.685067',240,'2025-06-05 20:06:59.684420');
INSERT INTO orders VALUES(103,'  -ORD-2511-0025',8987821,'in_progress','','2025-08-16','2025-11-16 20:06:59.686309','2025-11-16 20:06:59.686315',253,'2025-07-18 20:06:59.685630');
INSERT INTO orders VALUES(104,'   -ORD-2511-0014',7364010,'completed','','2025-06-22','2025-11-16 20:06:59.687421','2025-11-16 20:06:59.687427',242,'2025-05-23 20:06:59.686791');
INSERT INTO orders VALUES(105,'  -ORD-2511-0026',1704396,'completed','',NULL,'2025-11-16 20:06:59.688478','2025-11-16 20:06:59.688484',262,'2025-09-01 20:06:59.687865');
INSERT INTO orders VALUES(106,'   -ORD-2511-0015',6541602,'completed','','2025-10-24','2025-11-16 20:06:59.689520','2025-11-16 20:06:59.689525',237,'2025-10-23 20:06:59.688909');
INSERT INTO orders VALUES(107,'  -ORD-2511-0027',3475339,'completed','','2025-07-05','2025-11-16 20:06:59.690591','2025-11-16 20:06:59.690596',256,'2025-06-19 20:06:59.689954');
INSERT INTO orders VALUES(108,'   -ORD-2511-0016',5071479,'completed','',NULL,'2025-11-16 20:06:59.691723','2025-11-16 20:06:59.691729',275,'2025-05-22 20:06:59.691064');
INSERT INTO orders VALUES(109,'  -ORD-2511-0028',8891397,'completed','',NULL,'2025-11-16 20:06:59.693053','2025-11-16 20:06:59.693059',243,'2025-05-25 20:06:59.692339');
INSERT INTO orders VALUES(110,'  P-ORD-2511-0001',9376277,'completed','',NULL,'2025-11-16 20:06:59.694303','2025-11-16 20:06:59.694309',248,'2025-07-04 20:06:59.693623');
INSERT INTO orders VALUES(111,'LR-ORD-2511-0004',5059836,'pending','','2025-07-22','2025-11-16 20:06:59.695433','2025-11-16 20:06:59.695439',279,'2025-06-24 20:06:59.694778');
INSERT INTO orders VALUES(112,'CS-ORD-2511-0004',7464427,'completed','',NULL,'2025-11-16 20:06:59.696884','2025-11-16 20:06:59.696892',247,'2025-07-23 20:06:59.695968');
INSERT INTO orders VALUES(113,'ML-ORD-2511-0002',619971,'pending','','2025-06-22','2025-11-16 20:06:59.698221','2025-11-24 21:48:26.692012',233,'2025-06-10 20:06:59.697531');
INSERT INTO orders VALUES(114,'  -ORD-2511-0029',8158339,'pending','','2025-06-09','2025-11-16 20:06:59.699355','2025-11-16 20:06:59.699361',274,'2025-06-03 20:06:59.698673');
INSERT INTO orders VALUES(115,'RAM-ORD-2511-0002',2084074,'completed','',NULL,'2025-11-16 20:06:59.700500','2025-11-16 20:06:59.700506',261,'2025-10-11 20:06:59.699858');
INSERT INTO orders VALUES(116,'  -ORD-2511-0030',5384867,'completed','','2025-08-18','2025-11-16 20:06:59.701609','2025-11-16 20:06:59.701615',253,'2025-08-16 20:06:59.700961');
INSERT INTO orders VALUES(117,'   -ORD-2511-0017',8148135,'in_progress','','2025-06-10','2025-11-16 20:06:59.702767','2025-11-16 20:06:59.702772',237,'2025-05-25 20:06:59.702131');
INSERT INTO orders VALUES(118,'  -ORD-2511-0031',352194,'pending','',NULL,'2025-11-16 20:06:59.703877','2025-11-16 20:06:59.703883',235,'2025-06-09 20:06:59.703252');
INSERT INTO orders VALUES(119,'  -ORD-2511-0032',4688904,'cancelled','','2025-10-27','2025-11-16 20:06:59.705017','2025-11-16 20:06:59.705023',276,'2025-10-07 20:06:59.704399');
INSERT INTO orders VALUES(120,'TLS-ORD-2511-0003',2484199,'cancelled','',NULL,'2025-11-16 20:06:59.706056','2025-11-16 20:06:59.706062',278,'2025-08-23 20:06:59.705446');
INSERT INTO orders VALUES(121,'   -ORD-2511-0018',4553004,'cancelled','',NULL,'2025-11-16 20:06:59.707121','2025-11-16 20:06:59.707126',275,'2025-10-31 20:06:59.706497');
INSERT INTO orders VALUES(122,' GR-ORD-2511-0002',8098757,'completed','','2025-10-03','2025-11-16 20:06:59.708202','2025-11-24 21:55:34.351953',280,'2025-09-06 20:06:59.707573');
CREATE TABLE IF NOT EXISTS "products" ("id" integer NOT NULL PRIMARY KEY AUTOINCREMENT, "name" varchar(100) NOT NULL, "unit" varchar(20) NOT NULL, "current_quantity" decimal NOT NULL, "description" text NOT NULL, "is_active" bool NOT NULL, "created_at" datetime NOT NULL, "updated_at" datetime NOT NULL, "reference" varchar(100) NOT NULL UNIQUE);
INSERT INTO products VALUES(84,'Ciment 50kg 1','kg',470,'',1,'2025-11-16 20:03:21.093658','2025-11-16 20:03:21.093674','C51-2511-0001');
INSERT INTO products VALUES(85,'Sable 2','m²',66,'',1,'2025-11-16 20:03:21.095054','2025-11-16 20:03:21.095064','S2-2511-0001');
INSERT INTO products VALUES(86,'Brique 3','piece',374,'',1,'2025-11-16 20:03:21.096119','2025-11-16 20:03:21.096129','B3-2511-0001');
INSERT INTO products VALUES(87,'Fer 8mm 4','kg',383,'',1,'2025-11-16 20:03:21.097274','2025-11-16 20:03:21.097282','F84-2511-0001');
INSERT INTO products VALUES(88,'Peinture 5','L',341,'',1,'2025-11-16 20:03:21.098333','2025-11-16 20:03:21.098344','P5-2511-0001');
INSERT INTO products VALUES(89,'Carrelage 6','m²',25,'',1,'2025-11-16 20:03:21.099425','2025-11-16 20:03:21.099435','C6-2511-0001');
INSERT INTO products VALUES(90,'Porte 7','piece',38,'',1,'2025-11-16 20:03:21.100570','2025-11-16 20:03:21.100581','P7-2511-0001');
INSERT INTO products VALUES(91,'Fenêtre 8','piece',380,'',1,'2025-11-16 20:03:21.102023','2025-11-16 20:03:21.102034','F8-2511-0001');
INSERT INTO products VALUES(92,'Ciment 50kg 9','kg',249,'',1,'2025-11-16 20:03:21.103177','2025-11-16 20:03:21.103188','C59-2511-0001');
INSERT INTO products VALUES(93,'Sable 10','m²',308,'',1,'2025-11-16 20:03:21.105838','2025-11-16 20:03:21.105852','S1-2511-0001');
INSERT INTO products VALUES(94,'Brique 11','piece',428,'',1,'2025-11-16 20:03:21.107067','2025-11-16 20:03:21.107076','B1-2511-0001');
INSERT INTO products VALUES(95,'Fer 8mm 12','kg',489,'',1,'2025-11-16 20:03:21.108021','2025-11-16 20:03:21.108029','F81-2511-0001');
INSERT INTO products VALUES(96,'Peinture 13','L',222,'',1,'2025-11-16 20:03:21.108941','2025-11-16 20:03:21.108948','P1-2511-0001');
INSERT INTO products VALUES(97,'Carrelage 14','m²',203,'',1,'2025-11-16 20:03:21.110030','2025-11-16 20:03:21.110038','C1-2511-0001');
INSERT INTO products VALUES(98,'Porte 15','piece',474,'',1,'2025-11-16 20:03:21.110962','2025-11-16 20:03:21.110971','P1-2511-0002');
INSERT INTO products VALUES(99,'Fenêtre 16','piece',456,'',1,'2025-11-16 20:03:21.111912','2025-11-16 20:03:21.111919','F1-2511-0001');
INSERT INTO products VALUES(100,'Ciment 50kg 17','kg',416,'',1,'2025-11-16 20:03:21.112973','2025-11-16 20:03:21.112981','C51-2511-0002');
INSERT INTO products VALUES(101,'Sable 18','m²',80,'',1,'2025-11-16 20:03:21.114132','2025-11-16 20:03:21.114140','S1-2511-0002');
INSERT INTO products VALUES(102,'Brique 19','piece',96,'',1,'2025-11-16 20:03:21.115286','2025-11-16 20:03:21.115293','B1-2511-0002');
INSERT INTO products VALUES(103,'Fer 8mm 20','kg',128,'',1,'2025-11-16 20:03:21.116500','2025-11-16 20:03:21.116512','F82-2511-0001');
INSERT INTO products VALUES(104,'Peinture 21','L',349,'',1,'2025-11-16 20:03:21.117823','2025-11-16 20:03:21.117833','P2-2511-0001');
INSERT INTO products VALUES(105,'Carrelage 22','m²',420,'',1,'2025-11-16 20:03:21.118823','2025-11-16 20:03:21.118834','C2-2511-0001');
INSERT INTO products VALUES(106,'Porte 23','piece',421,'',1,'2025-11-16 20:03:21.119841','2025-11-16 20:03:21.119850','P2-2511-0002');
INSERT INTO products VALUES(107,'Fenêtre 24','piece',253,'',1,'2025-11-16 20:03:21.120809','2025-11-16 20:03:21.120817','F2-2511-0001');
INSERT INTO products VALUES(108,'Ciment 50kg 25','kg',441,'',1,'2025-11-16 20:03:21.121716','2025-11-16 20:03:21.121724','C52-2511-0001');
INSERT INTO products VALUES(109,'Sable 26','m²',338,'',1,'2025-11-16 20:03:21.122633','2025-11-16 20:03:21.122641','S2-2511-0002');
INSERT INTO products VALUES(110,'Brique 27','piece',233,'',1,'2025-11-16 20:03:21.123792','2025-11-16 20:03:21.123801','B2-2511-0001');
INSERT INTO products VALUES(111,'Fer 8mm 28','kg',457,'',1,'2025-11-16 20:03:21.124730','2025-11-16 20:03:21.124738','F82-2511-0002');
INSERT INTO products VALUES(112,'Peinture 29','L',305,'',1,'2025-11-16 20:03:21.125635','2025-11-16 20:03:21.125643','P2-2511-0003');
INSERT INTO products VALUES(113,'Carrelage 30','m²',137,'',1,'2025-11-16 20:03:21.126518','2025-11-16 20:03:21.126526','C3-2511-0001');
INSERT INTO products VALUES(114,'Ciment 50kg 1','kg',338,'',1,'2025-11-16 20:03:29.193612','2025-11-16 20:03:29.193622','C51-2511-0003');
INSERT INTO products VALUES(115,'Sable 2','m²',356,'',1,'2025-11-16 20:03:29.194851','2025-11-16 20:03:29.194860','S2-2511-0003');
INSERT INTO products VALUES(116,'Brique 3','piece',245,'',1,'2025-11-16 20:03:29.196161','2025-11-16 20:03:29.196170','B3-2511-0002');
INSERT INTO products VALUES(117,'Fer 8mm 4','kg',53,'',1,'2025-11-16 20:03:29.197139','2025-11-16 20:03:29.197147','F84-2511-0002');
INSERT INTO products VALUES(118,'Peinture 5','L',151,'',1,'2025-11-16 20:03:29.198292','2025-11-16 20:03:29.198300','P5-2511-0002');
INSERT INTO products VALUES(119,'Carrelage 6','m²',223,'',1,'2025-11-16 20:03:29.199457','2025-11-16 20:03:29.199467','C6-2511-0002');
INSERT INTO products VALUES(120,'Porte 7','piece',477,'',1,'2025-11-16 20:03:29.200825','2025-11-16 20:03:29.200836','P7-2511-0002');
INSERT INTO products VALUES(121,'Fenêtre 8','piece',250,'',1,'2025-11-16 20:03:29.201997','2025-11-16 20:03:29.202006','F8-2511-0002');
INSERT INTO products VALUES(122,'Ciment 50kg 9','kg',223,'',1,'2025-11-16 20:03:29.204362','2025-11-16 20:03:29.204377','C59-2511-0002');
INSERT INTO products VALUES(123,'Sable 10','m²',365,'',1,'2025-11-16 20:03:29.205669','2025-11-16 20:03:29.205679','S1-2511-0003');
INSERT INTO products VALUES(124,'Brique 11','piece',429,'',1,'2025-11-16 20:03:29.206712','2025-11-16 20:03:29.206720','B1-2511-0003');
INSERT INTO products VALUES(125,'Fer 8mm 12','kg',366,'',1,'2025-11-16 20:03:29.207712','2025-11-16 20:03:29.207721','F81-2511-0002');
INSERT INTO products VALUES(126,'Peinture 13','L',340,'',1,'2025-11-16 20:03:29.208744','2025-11-16 20:03:29.208753','P1-2511-0003');
INSERT INTO products VALUES(127,'Carrelage 14','m²',204,'',1,'2025-11-16 20:03:29.209726','2025-11-16 20:03:29.209734','C1-2511-0002');
INSERT INTO products VALUES(128,'Porte 15','piece',69,'',1,'2025-11-16 20:03:29.210892','2025-11-16 20:03:29.210902','P1-2511-0004');
INSERT INTO products VALUES(129,'Fenêtre 16','piece',230,'',1,'2025-11-16 20:03:29.211972','2025-11-16 20:03:29.211980','F1-2511-0002');
INSERT INTO products VALUES(130,'Ciment 50kg 17','kg',190,'',1,'2025-11-16 20:03:29.213017','2025-11-16 20:03:29.213026','C51-2511-0004');
INSERT INTO products VALUES(131,'Sable 18','m²',39,'',1,'2025-11-16 20:03:29.214395','2025-11-16 20:03:29.214404','S1-2511-0004');
INSERT INTO products VALUES(132,'Brique 19','piece',490,'',1,'2025-11-16 20:03:29.215480','2025-11-16 20:03:29.215489','B1-2511-0004');
INSERT INTO products VALUES(133,'Fer 8mm 20','kg',295,'',1,'2025-11-16 20:03:29.216498','2025-11-16 20:03:29.216507','F82-2511-0003');
INSERT INTO products VALUES(134,'Peinture 21','L',248,'',1,'2025-11-16 20:03:29.217665','2025-11-16 20:03:29.217674','P2-2511-0004');
INSERT INTO products VALUES(135,'Carrelage 22','m²',112,'',1,'2025-11-16 20:03:29.218707','2025-11-16 20:03:29.218715','C2-2511-0002');
INSERT INTO products VALUES(136,'Porte 23','piece',48,'',1,'2025-11-16 20:03:29.219789','2025-11-16 20:03:29.219798','P2-2511-0005');
INSERT INTO products VALUES(137,'Fenêtre 24','piece',383,'',1,'2025-11-16 20:03:29.220728','2025-11-16 20:03:29.220736','F2-2511-0002');
INSERT INTO products VALUES(138,'Ciment 50kg 25','kg',272,'',1,'2025-11-16 20:03:29.221652','2025-11-16 20:03:29.221660','C52-2511-0002');
INSERT INTO products VALUES(139,'Sable 26','m²',49,'',1,'2025-11-16 20:03:29.222575','2025-11-16 20:03:29.222582','S2-2511-0004');
INSERT INTO products VALUES(140,'Brique 27','piece',200,'',1,'2025-11-16 20:03:29.223480','2025-11-16 20:03:29.223487','B2-2511-0002');
INSERT INTO products VALUES(141,'Fer 8mm 28','kg',103,'',1,'2025-11-16 20:03:29.224394','2025-11-16 20:03:29.224402','F82-2511-0004');
INSERT INTO products VALUES(142,'Peinture 29','L',326,'',1,'2025-11-16 20:03:29.225361','2025-11-16 20:03:29.225369','P2-2511-0006');
INSERT INTO products VALUES(143,'Carrelage 30','m²',305,'',1,'2025-11-16 20:03:29.226291','2025-11-16 20:03:29.226298','C3-2511-0002');
INSERT INTO products VALUES(144,'Ciment 50kg 1','kg',491,'',1,'2025-11-16 20:06:59.544979','2025-11-16 20:06:59.544995','C51-2511-0005');
INSERT INTO products VALUES(145,'Sable 2','m²',131,'',1,'2025-11-16 20:06:59.546866','2025-11-16 20:06:59.546882','S2-2511-0005');
INSERT INTO products VALUES(146,'Brique 3','piece',220,'',1,'2025-11-16 20:06:59.548409','2025-11-16 20:06:59.548420','B3-2511-0003');
INSERT INTO products VALUES(147,'Fer 8mm 4','kg',88,'',1,'2025-11-16 20:06:59.550342','2025-11-16 20:06:59.550357','F84-2511-0003');
INSERT INTO products VALUES(148,'Peinture 5','L',150,'',1,'2025-11-16 20:06:59.552613','2025-11-16 20:06:59.552626','P5-2511-0003');
INSERT INTO products VALUES(149,'Carrelage 6','m²',232,'',1,'2025-11-16 20:06:59.554760','2025-11-16 20:06:59.554771','C6-2511-0003');
INSERT INTO products VALUES(150,'Porte 7','piece',99,'',1,'2025-11-16 20:06:59.557418','2025-11-16 20:06:59.557434','P7-2511-0003');
INSERT INTO products VALUES(151,'Fenêtre 8','piece',167,'',1,'2025-11-16 20:06:59.560875','2025-11-16 20:06:59.560895','F8-2511-0003');
INSERT INTO products VALUES(152,'Ciment 50kg 9','kg',404,'',1,'2025-11-16 20:06:59.563987','2025-11-16 20:06:59.564039','C59-2511-0003');
INSERT INTO products VALUES(153,'Sable 10','m²',236,'',1,'2025-11-16 20:06:59.566696','2025-11-16 20:06:59.566709','S1-2511-0005');
INSERT INTO products VALUES(154,'Brique 11','piece',29,'',1,'2025-11-16 20:06:59.571337','2025-11-16 20:06:59.571349','B1-2511-0005');
INSERT INTO products VALUES(155,'Fer 8mm 12','kg',151,'',1,'2025-11-16 20:06:59.572581','2025-11-16 20:06:59.572590','F81-2511-0003');
INSERT INTO products VALUES(156,'Peinture 13','L',421,'',1,'2025-11-16 20:06:59.573998','2025-11-16 20:06:59.574007','P1-2511-0005');
INSERT INTO products VALUES(157,'Carrelage 14','m²',6,'',1,'2025-11-16 20:06:59.575259','2025-11-16 20:06:59.575273','C1-2511-0003');
INSERT INTO products VALUES(158,'Porte 15','piece',242,'',1,'2025-11-16 20:06:59.576458','2025-11-16 20:06:59.576467','P1-2511-0006');
INSERT INTO products VALUES(159,'Fenêtre 16','piece',85,'',1,'2025-11-16 20:06:59.577749','2025-11-16 20:06:59.577759','F1-2511-0003');
INSERT INTO products VALUES(160,'Ciment 50kg 17','kg',311,'',1,'2025-11-16 20:06:59.579948','2025-11-16 20:06:59.579960','C51-2511-0006');
INSERT INTO products VALUES(161,'Sable 18','m²',97,'',1,'2025-11-16 20:06:59.581063','2025-11-16 20:06:59.581072','S1-2511-0006');
INSERT INTO products VALUES(162,'Brique 19','piece',118,'',1,'2025-11-16 20:06:59.582079','2025-11-16 20:06:59.582088','B1-2511-0006');
INSERT INTO products VALUES(163,'Fer 8mm 20','kg',388,'',1,'2025-11-16 20:06:59.583025','2025-11-16 20:06:59.583033','F82-2511-0005');
INSERT INTO products VALUES(164,'Peinture 21','L',135,'',1,'2025-11-16 20:06:59.583960','2025-11-16 20:06:59.583969','P2-2511-0007');
INSERT INTO products VALUES(165,'Carrelage 22','m²',336,'',1,'2025-11-16 20:06:59.584902','2025-11-16 20:06:59.584909','C2-2511-0003');
INSERT INTO products VALUES(166,'Porte 23','piece',68,'',1,'2025-11-16 20:06:59.585986','2025-11-16 20:06:59.585995','P2-2511-0008');
INSERT INTO products VALUES(167,'Fenêtre 24','piece',291,'',1,'2025-11-16 20:06:59.586932','2025-11-16 20:06:59.586939','F2-2511-0003');
INSERT INTO products VALUES(168,'Ciment 50kg 25','kg',364,'',1,'2025-11-16 20:06:59.587837','2025-11-16 20:06:59.587845','C52-2511-0003');
INSERT INTO products VALUES(169,'Sable 26','m²',293,'',1,'2025-11-16 20:06:59.588739','2025-11-16 20:06:59.588747','S2-2511-0006');
INSERT INTO products VALUES(170,'Brique 27','piece',456,'',1,'2025-11-16 20:06:59.589628','2025-11-16 20:06:59.589635','B2-2511-0003');
INSERT INTO products VALUES(171,'Fer 8mm 28','kg',2,'',1,'2025-11-16 20:06:59.590637','2025-11-16 20:06:59.590645','F82-2511-0006');
INSERT INTO products VALUES(172,'Peinture 29','L',448,'',1,'2025-11-16 20:06:59.591806','2025-11-16 20:06:59.591814','P2-2511-0009');
INSERT INTO products VALUES(173,'Carrelage 30','m²',86,'',1,'2025-11-16 20:06:59.592893','2025-11-16 20:06:59.592905','C3-2511-0003');
DELETE FROM sqlite_sequence;
INSERT INTO sqlite_sequence VALUES('django_migrations',41);
INSERT INTO sqlite_sequence VALUES('django_content_type',15);
INSERT INTO sqlite_sequence VALUES('auth_permission',60);
INSERT INTO sqlite_sequence VALUES('auth_group',0);
INSERT INTO sqlite_sequence VALUES('django_admin_log',25);
INSERT INTO sqlite_sequence VALUES('blacklisted_tokens',25);
INSERT INTO sqlite_sequence VALUES('clients',281);
INSERT INTO sqlite_sequence VALUES('inputs',250);
INSERT INTO sqlite_sequence VALUES('order_outputs',26);
INSERT INTO sqlite_sequence VALUES('outputs',317);
INSERT INTO sqlite_sequence VALUES('stock_movements',228);
INSERT INTO sqlite_sequence VALUES('users',50);
INSERT INTO sqlite_sequence VALUES('suppliers',103);
INSERT INTO sqlite_sequence VALUES('orders',122);
INSERT INTO sqlite_sequence VALUES('products',173);
CREATE UNIQUE INDEX "django_content_type_app_label_model_76bd3d3b_uniq" ON "django_content_type" ("app_label", "model");
CREATE UNIQUE INDEX "auth_group_permissions_group_id_permission_id_0cd325b0_uniq" ON "auth_group_permissions" ("group_id", "permission_id");
CREATE INDEX "auth_group_permissions_group_id_b120cbf9" ON "auth_group_permissions" ("group_id");
CREATE INDEX "auth_group_permissions_permission_id_84c5c92e" ON "auth_group_permissions" ("permission_id");
CREATE UNIQUE INDEX "auth_permission_content_type_id_codename_01ab375a_uniq" ON "auth_permission" ("content_type_id", "codename");
CREATE INDEX "auth_permission_content_type_id_2f476e4b" ON "auth_permission" ("content_type_id");
CREATE UNIQUE INDEX "users_groups_user_id_group_id_fc7788e8_uniq" ON "users_groups" ("user_id", "group_id");
CREATE INDEX "users_groups_user_id_f500bee5" ON "users_groups" ("user_id");
CREATE INDEX "users_groups_group_id_2f3517aa" ON "users_groups" ("group_id");
CREATE UNIQUE INDEX "users_user_permissions_user_id_permission_id_3b86cbdf_uniq" ON "users_user_permissions" ("user_id", "permission_id");
CREATE INDEX "users_user_permissions_user_id_92473840" ON "users_user_permissions" ("user_id");
CREATE INDEX "users_user_permissions_permission_id_6d08dcd2" ON "users_user_permissions" ("permission_id");
CREATE INDEX "django_admin_log_content_type_id_c4bce8eb" ON "django_admin_log" ("content_type_id");
CREATE INDEX "django_admin_log_user_id_c564eba6" ON "django_admin_log" ("user_id");
CREATE INDEX "api_blacklistedtoken_user_id_2e02754d" ON "blacklisted_tokens" ("user_id");
CREATE INDEX "blacklisted_token_d070ae_idx" ON "blacklisted_tokens" ("token");
CREATE INDEX "blacklisted_blackli_bd04a9_idx" ON "blacklisted_tokens" ("blacklisted_at");
CREATE INDEX "clients_name_3163cccd" ON "clients" ("name");
CREATE INDEX "suppliers_name_c2b8a33a" ON "suppliers" ("name");
CREATE INDEX "inputs_type_b3742cba" ON "inputs" ("type");
CREATE INDEX "inputs_created_by_id_58d3c6e5" ON "inputs" ("created_by_id");
CREATE INDEX "inputs_order_id_96d45724" ON "inputs" ("order_id");
CREATE INDEX "inputs_date_def700ce" ON "inputs" ("date");
CREATE INDEX "order_outputs_order_id_f51e262c" ON "order_outputs" ("order_id");
CREATE INDEX "order_outputs_created_by_output_id_033bcc64" ON "order_outputs" ("created_by_output_id");
CREATE INDEX "outputs_type_af1aac40" ON "outputs" ("type");
CREATE INDEX "outputs_reference_86054372" ON "outputs" ("reference");
CREATE INDEX "outputs_date_9ea5ff8a" ON "outputs" ("date");
CREATE INDEX "outputs_created_by_id_0c8eb4d1" ON "outputs" ("created_by_id");
CREATE INDEX "outputs_order_id_32d79d92" ON "outputs" ("order_id");
CREATE INDEX "outputs_source_input_id_da778840" ON "outputs" ("source_input_id");
CREATE INDEX "outputs_supplier_id_fade0ee5" ON "outputs" ("supplier_id");
CREATE INDEX "outputs_product_id_f62ab9cd" ON "outputs" ("product_id");
CREATE INDEX "outputs_date_ade673_idx" ON "outputs" ("date" DESC, "type");
CREATE INDEX "outputs_order_i_a3cb8e_idx" ON "outputs" ("order_id", "date" DESC);
CREATE INDEX "outputs_supplie_2db676_idx" ON "outputs" ("supplier_id", "date" DESC);
CREATE INDEX "outputs_created_a0ad5e_idx" ON "outputs" ("created_by_id", "date" DESC);
CREATE INDEX "order_outputs_created_by_stock_movement_id_8e28ce88" ON "order_outputs" ("created_by_stock_movement_id");
CREATE INDEX "stock_movements_movement_type_2d6fcb2d" ON "stock_movements" ("movement_type");
CREATE INDEX "stock_movements_date_91898ed5" ON "stock_movements" ("date");
CREATE INDEX "stock_movements_created_by_id_65c51cea" ON "stock_movements" ("created_by_id");
CREATE INDEX "stock_movements_order_id_0d379a60" ON "stock_movements" ("order_id");
CREATE INDEX "stock_movements_product_id_5bacd6d9" ON "stock_movements" ("product_id");
CREATE INDEX "stock_movem_date_cedb41_idx" ON "stock_movements" ("date" DESC, "movement_type");
CREATE INDEX "stock_movem_product_f69112_idx" ON "stock_movements" ("product_id", "date" DESC);
CREATE INDEX "stock_movem_order_i_9c2afa_idx" ON "stock_movements" ("order_id", "date" DESC);
CREATE INDEX "stock_movements_created_by_output_id_93256d1c" ON "stock_movements" ("created_by_output_id");
CREATE INDEX "django_session_expire_date_a5c62663" ON "django_session" ("expire_date");
CREATE INDEX "orders_status_17b834eb" ON "orders" ("status");
CREATE INDEX "orders_delivery_date_e50d4a5f" ON "orders" ("delivery_date");
CREATE INDEX "orders_client_id_67f0b211" ON "orders" ("client_id");
CREATE INDEX "orders_order_date_20533752" ON "orders" ("order_date");
CREATE INDEX "orders_client__2e756d_idx" ON "orders" ("client_id", "status");
CREATE INDEX "orders_status_648f87_idx" ON "orders" ("status", "order_date" DESC);
CREATE INDEX "orders_order_d_fce785_idx" ON "orders" ("order_date" DESC, "client_id");
CREATE INDEX "orders_deliver_cb663b_idx" ON "orders" ("delivery_date", "status");
CREATE INDEX "products_name_4a89b61d" ON "products" ("name");
CREATE INDEX "products_unit_a76ccf7d" ON "products" ("unit");
CREATE INDEX "products_is_active_4d0bbafa" ON "products" ("is_active");
CREATE INDEX "products_is_acti_1ef63b_idx" ON "products" ("is_active", "name");
COMMIT;
